Time (h),2FL-1,2FL-2,2FL-3,2FL-4,2FL-5,2FL-6,2FL-7,3FL-1,3FL-2,3FL-3,3FL-4,3FL-5,3FL-6,3FL-7,DFL-1,DFL-2,DFL-3,DFL-4,DFL-5,DFL-6,DFL-7,3SL-1,3SL-2,3SL-3,3SL-4,3SL-5,3SL-6,3SL-7,6SL-1,6SL-2,6SL-3,6SL-4,6SL-5,6SL-6,6SL-7,LNT-1,LNT-2,LNT-3,LNT-4,LNT-5,LNT-6,LNT-7,LNnT-1,LNnT-2,LNnT-3,LNnT-4,LNnT-5,LNnT-6,LNnT-7,GMC-1,GMC-2,GMC-3,GMC-4,GMC-5,GMC-6,GMC-7
0,0.114,0.112,0.119,0.115,0.126,0.12,0.127,0.11,0.104,0.106,0.114,0.116,0.144,0.134,0.103,0.111,0.11,0.117,0.113,0.115,0.134,0.106,0.107,0.109,0.11,0.111,0.13,0.11,0.114,0.128,0.111,0.109,0.112,0.119,0.114,0.106,0.103,0.108,0.107,0.112,0.107,0.117,0.111,0.116,0.126,0.113,0.121,0.121,0.114,0.185,0.116,0.129,0.128,0.122,0.123,0.132
0.25,0.116,0.113,0.12,0.115,0.126,0.122,0.126,0.112,0.104,0.107,0.115,0.115,0.142,0.138,0.106,0.11,0.11,0.116,0.111,0.116,0.132,0.107,0.108,0.111,0.111,0.111,0.132,0.111,0.113,0.126,0.114,0.109,0.112,0.119,0.114,0.107,0.104,0.11,0.107,0.108,0.106,0.119,0.11,0.117,0.127,0.114,0.121,0.121,0.115,0.196,0.119,0.135,0.13,0.121,0.125,0.135
0.5,0.117,0.113,0.12,0.116,0.127,0.12,0.126,0.112,0.104,0.107,0.116,0.116,0.147,0.14,0.107,0.11,0.111,0.117,0.111,0.116,0.132,0.109,0.108,0.111,0.112,0.112,0.134,0.111,0.113,0.125,0.113,0.11,0.114,0.12,0.115,0.107,0.103,0.109,0.108,0.109,0.106,0.123,0.11,0.116,0.127,0.114,0.122,0.122,0.115,0.205,0.118,0.14,0.134,0.122,0.127,0.139
0.75,0.116,0.113,0.121,0.116,0.128,0.121,0.126,0.112,0.104,0.107,0.117,0.116,0.155,0.14,0.107,0.109,0.111,0.118,0.112,0.116,0.134,0.108,0.108,0.112,0.114,0.113,0.137,0.112,0.114,0.125,0.114,0.11,0.115,0.12,0.117,0.106,0.103,0.109,0.109,0.111,0.107,0.125,0.111,0.116,0.127,0.115,0.124,0.123,0.115,0.211,0.118,0.143,0.138,0.124,0.131,0.141
1,0.115,0.112,0.12,0.117,0.128,0.121,0.126,0.112,0.104,0.107,0.118,0.117,0.151,0.145,0.107,0.109,0.111,0.12,0.112,0.115,0.135,0.109,0.109,0.111,0.115,0.115,0.141,0.114,0.115,0.126,0.112,0.111,0.116,0.121,0.118,0.107,0.104,0.11,0.11,0.112,0.107,0.133,0.111,0.116,0.128,0.115,0.124,0.124,0.117,0.218,0.121,0.143,0.142,0.125,0.138,0.151
1.25,0.115,0.112,0.119,0.117,0.129,0.121,0.126,0.112,0.104,0.107,0.119,0.117,0.154,0.143,0.108,0.109,0.113,0.121,0.112,0.115,0.137,0.109,0.11,0.112,0.116,0.116,0.142,0.115,0.114,0.128,0.113,0.112,0.115,0.121,0.12,0.106,0.105,0.109,0.111,0.111,0.109,0.136,0.112,0.116,0.128,0.116,0.124,0.127,0.118,0.224,0.12,0.147,0.147,0.127,0.147,0.147
1.5,0.115,0.112,0.12,0.117,0.129,0.121,0.125,0.113,0.104,0.108,0.12,0.119,0.156,0.145,0.107,0.11,0.114,0.121,0.112,0.115,0.136,0.111,0.109,0.112,0.118,0.118,0.143,0.116,0.116,0.129,0.113,0.112,0.116,0.123,0.121,0.108,0.104,0.109,0.112,0.112,0.112,0.142,0.112,0.115,0.13,0.116,0.124,0.13,0.12,0.231,0.122,0.147,0.151,0.13,0.156,0.153
1.75,0.114,0.113,0.12,0.118,0.13,0.121,0.125,0.114,0.104,0.108,0.121,0.119,0.163,0.143,0.107,0.11,0.112,0.122,0.113,0.114,0.137,0.111,0.109,0.112,0.118,0.119,0.145,0.117,0.116,0.13,0.113,0.112,0.118,0.123,0.121,0.108,0.104,0.11,0.112,0.114,0.113,0.145,0.112,0.116,0.131,0.117,0.126,0.131,0.123,0.236,0.122,0.15,0.155,0.13,0.169,0.159
2,0.114,0.113,0.12,0.118,0.131,0.121,0.126,0.113,0.104,0.108,0.122,0.12,0.168,0.142,0.107,0.11,0.112,0.123,0.114,0.113,0.138,0.111,0.11,0.112,0.119,0.122,0.149,0.119,0.115,0.13,0.113,0.113,0.119,0.123,0.123,0.108,0.105,0.11,0.112,0.116,0.113,0.148,0.112,0.116,0.132,0.116,0.127,0.132,0.123,0.241,0.123,0.151,0.157,0.133,0.185,0.166
2.25,0.114,0.113,0.12,0.118,0.13,0.122,0.126,0.115,0.104,0.107,0.122,0.12,0.174,0.143,0.108,0.109,0.113,0.123,0.114,0.114,0.137,0.11,0.108,0.112,0.122,0.122,0.149,0.12,0.116,0.13,0.113,0.113,0.119,0.123,0.124,0.109,0.105,0.11,0.116,0.115,0.117,0.154,0.112,0.116,0.133,0.117,0.128,0.132,0.122,0.25,0.125,0.154,0.16,0.136,0.198,0.172
2.5,0.113,0.113,0.12,0.119,0.131,0.121,0.126,0.115,0.104,0.109,0.123,0.121,0.179,0.142,0.108,0.11,0.113,0.124,0.115,0.114,0.137,0.111,0.11,0.112,0.123,0.123,0.152,0.12,0.116,0.129,0.114,0.114,0.119,0.124,0.124,0.109,0.106,0.11,0.116,0.116,0.12,0.159,0.113,0.116,0.134,0.117,0.128,0.132,0.123,0.258,0.126,0.158,0.167,0.136,0.213,0.176
2.75,0.113,0.113,0.12,0.12,0.131,0.122,0.126,0.116,0.104,0.108,0.124,0.122,0.183,0.143,0.108,0.11,0.113,0.124,0.115,0.113,0.138,0.11,0.109,0.113,0.124,0.124,0.152,0.122,0.116,0.129,0.114,0.113,0.119,0.124,0.126,0.111,0.107,0.111,0.119,0.117,0.122,0.16,0.113,0.115,0.134,0.115,0.128,0.132,0.122,0.267,0.129,0.161,0.167,0.14,0.227,0.183
3,0.113,0.113,0.12,0.119,0.131,0.122,0.127,0.116,0.104,0.108,0.124,0.122,0.186,0.144,0.109,0.11,0.113,0.124,0.115,0.113,0.138,0.111,0.109,0.113,0.127,0.126,0.152,0.123,0.117,0.128,0.115,0.113,0.119,0.124,0.126,0.112,0.108,0.111,0.12,0.122,0.125,0.162,0.113,0.116,0.135,0.117,0.129,0.132,0.124,0.278,0.127,0.164,0.171,0.139,0.24,0.193
3.25,0.113,0.113,0.12,0.12,0.131,0.122,0.127,0.116,0.105,0.108,0.125,0.122,0.188,0.144,0.109,0.11,0.113,0.125,0.115,0.114,0.137,0.112,0.109,0.113,0.127,0.127,0.156,0.124,0.117,0.128,0.115,0.113,0.119,0.125,0.126,0.112,0.109,0.112,0.124,0.125,0.126,0.165,0.113,0.116,0.135,0.118,0.128,0.131,0.124,0.293,0.132,0.167,0.18,0.145,0.257,0.208
3.5,0.113,0.112,0.12,0.123,0.135,0.122,0.127,0.117,0.104,0.108,0.127,0.125,0.189,0.146,0.109,0.11,0.113,0.124,0.119,0.114,0.138,0.112,0.109,0.114,0.13,0.13,0.156,0.126,0.116,0.128,0.116,0.113,0.121,0.125,0.126,0.114,0.109,0.112,0.129,0.129,0.129,0.169,0.113,0.116,0.136,0.117,0.13,0.131,0.124,0.31,0.134,0.174,0.195,0.15,0.276,0.218
3.75,0.112,0.112,0.119,0.119,0.13,0.122,0.127,0.117,0.104,0.108,0.125,0.123,0.189,0.146,0.109,0.11,0.113,0.123,0.115,0.114,0.138,0.113,0.109,0.114,0.13,0.127,0.159,0.125,0.117,0.127,0.116,0.116,0.119,0.125,0.126,0.114,0.11,0.113,0.132,0.13,0.139,0.173,0.113,0.116,0.138,0.118,0.129,0.133,0.125,0.327,0.139,0.178,0.206,0.155,0.287,0.234
4,0.113,0.113,0.12,0.116,0.127,0.123,0.127,0.117,0.105,0.109,0.122,0.123,0.19,0.147,0.11,0.11,0.113,0.124,0.111,0.115,0.137,0.114,0.109,0.114,0.125,0.124,0.159,0.124,0.117,0.127,0.115,0.117,0.118,0.126,0.126,0.116,0.112,0.114,0.133,0.131,0.138,0.182,0.113,0.116,0.138,0.117,0.13,0.133,0.125,0.346,0.141,0.185,0.232,0.162,0.312,0.252
4.25,0.112,0.112,0.12,0.118,0.13,0.123,0.127,0.117,0.104,0.109,0.125,0.123,0.191,0.146,0.11,0.11,0.111,0.124,0.114,0.115,0.136,0.114,0.11,0.114,0.128,0.126,0.159,0.124,0.117,0.126,0.116,0.114,0.118,0.126,0.126,0.116,0.113,0.114,0.145,0.135,0.145,0.189,0.113,0.116,0.138,0.118,0.13,0.132,0.125,0.367,0.143,0.193,0.249,0.169,0.331,0.271
4.5,0.112,0.112,0.12,0.126,0.129,0.123,0.127,0.117,0.105,0.108,0.127,0.156,0.19,0.148,0.11,0.111,0.111,0.125,0.154,0.115,0.136,0.114,0.109,0.114,0.13,0.178,0.159,0.124,0.116,0.126,0.116,0.116,0.165,0.126,0.126,0.117,0.114,0.115,0.163,0.208,0.154,0.201,0.114,0.117,0.14,0.12,0.178,0.13,0.125,0.394,0.143,0.202,0.276,0.173,0.352,0.289
4.75,0.112,0.112,0.12,0.122,0.128,0.123,0.127,0.117,0.105,0.109,0.127,0.13,0.189,0.147,0.11,0.11,0.111,0.124,0.115,0.116,0.137,0.115,0.11,0.114,0.129,0.13,0.16,0.124,0.116,0.126,0.116,0.116,0.119,0.126,0.126,0.119,0.114,0.115,0.17,0.164,0.161,0.216,0.113,0.116,0.14,0.12,0.124,0.129,0.125,0.418,0.144,0.214,0.309,0.184,0.382,0.319
5,0.112,0.113,0.12,0.122,0.128,0.122,0.126,0.117,0.105,0.109,0.128,0.13,0.187,0.146,0.11,0.11,0.112,0.125,0.116,0.116,0.137,0.115,0.11,0.114,0.13,0.132,0.16,0.124,0.116,0.125,0.115,0.115,0.121,0.125,0.125,0.12,0.114,0.115,0.183,0.173,0.174,0.228,0.113,0.116,0.141,0.12,0.126,0.13,0.124,0.445,0.152,0.229,0.335,0.203,0.414,0.365
5.25,0.112,0.113,0.12,0.122,0.128,0.122,0.126,0.117,0.105,0.108,0.128,0.131,0.187,0.146,0.11,0.111,0.112,0.124,0.117,0.117,0.137,0.115,0.11,0.115,0.13,0.133,0.159,0.124,0.116,0.125,0.115,0.114,0.122,0.123,0.125,0.122,0.114,0.114,0.197,0.179,0.177,0.235,0.113,0.116,0.141,0.119,0.131,0.131,0.123,0.478,0.16,0.244,0.375,0.221,0.421,0.389
5.5,0.112,0.113,0.12,0.12,0.128,0.122,0.126,0.117,0.106,0.108,0.128,0.132,0.186,0.146,0.11,0.111,0.112,0.123,0.118,0.117,0.137,0.115,0.111,0.114,0.126,0.134,0.159,0.124,0.117,0.125,0.116,0.113,0.122,0.122,0.125,0.124,0.117,0.115,0.211,0.193,0.194,0.241,0.113,0.116,0.142,0.12,0.133,0.131,0.123,0.507,0.167,0.261,0.401,0.24,0.43,0.417
5.75,0.112,0.113,0.12,0.125,0.132,0.122,0.125,0.117,0.106,0.108,0.131,0.135,0.186,0.146,0.11,0.111,0.112,0.124,0.12,0.116,0.137,0.115,0.11,0.115,0.129,0.136,0.158,0.124,0.116,0.125,0.116,0.113,0.124,0.123,0.125,0.126,0.119,0.117,0.231,0.205,0.209,0.252,0.112,0.116,0.142,0.119,0.138,0.131,0.124,0.54,0.176,0.281,0.426,0.261,0.426,0.435
6,0.112,0.113,0.12,0.121,0.128,0.122,0.125,0.117,0.106,0.109,0.129,0.132,0.185,0.147,0.11,0.111,0.112,0.122,0.117,0.116,0.137,0.115,0.111,0.115,0.127,0.134,0.157,0.124,0.116,0.125,0.116,0.113,0.122,0.124,0.124,0.128,0.12,0.118,0.252,0.222,0.227,0.268,0.112,0.115,0.143,0.12,0.133,0.133,0.124,0.573,0.188,0.306,0.439,0.288,0.431,0.431
6.25,0.112,0.113,0.12,0.122,0.128,0.122,0.125,0.117,0.106,0.108,0.129,0.134,0.184,0.147,0.11,0.111,0.112,0.123,0.116,0.116,0.137,0.115,0.111,0.114,0.128,0.133,0.156,0.124,0.116,0.125,0.116,0.114,0.121,0.125,0.123,0.13,0.121,0.119,0.273,0.243,0.232,0.283,0.112,0.115,0.143,0.12,0.129,0.134,0.121,0.601,0.198,0.336,0.449,0.315,0.439,0.447
6.5,0.112,0.113,0.12,0.122,0.128,0.122,0.125,0.117,0.106,0.108,0.13,0.133,0.182,0.147,0.11,0.11,0.112,0.122,0.117,0.116,0.137,0.115,0.111,0.115,0.129,0.133,0.155,0.124,0.116,0.125,0.115,0.114,0.121,0.124,0.123,0.133,0.123,0.12,0.317,0.274,0.249,0.295,0.112,0.115,0.143,0.12,0.128,0.132,0.121,0.623,0.209,0.368,0.467,0.343,0.443,0.451
6.75,0.112,0.113,0.12,0.122,0.127,0.122,0.125,0.117,0.106,0.108,0.13,0.132,0.182,0.147,0.11,0.111,0.112,0.123,0.117,0.115,0.137,0.115,0.111,0.115,0.127,0.132,0.155,0.124,0.116,0.124,0.115,0.114,0.121,0.124,0.121,0.136,0.124,0.121,0.366,0.321,0.268,0.302,0.112,0.115,0.144,0.119,0.128,0.132,0.121,0.643,0.223,0.4,0.492,0.364,0.439,0.458
7,0.112,0.112,0.12,0.122,0.127,0.122,0.125,0.116,0.106,0.108,0.131,0.132,0.182,0.147,0.11,0.11,0.112,0.122,0.117,0.116,0.137,0.116,0.112,0.115,0.126,0.132,0.153,0.124,0.116,0.124,0.115,0.113,0.121,0.125,0.122,0.139,0.125,0.122,0.427,0.386,0.287,0.321,0.112,0.115,0.144,0.12,0.129,0.132,0.123,0.658,0.244,0.431,0.515,0.398,0.441,0.446
7.25,0.112,0.113,0.12,0.121,0.127,0.122,0.124,0.116,0.106,0.109,0.13,0.131,0.182,0.147,0.11,0.11,0.112,0.123,0.117,0.115,0.137,0.116,0.112,0.115,0.126,0.132,0.152,0.124,0.116,0.124,0.115,0.114,0.12,0.124,0.123,0.143,0.127,0.124,0.445,0.47,0.341,0.348,0.112,0.115,0.144,0.12,0.129,0.132,0.122,0.674,0.27,0.458,0.506,0.401,0.444,0.467
7.5,0.112,0.113,0.12,0.121,0.128,0.122,0.124,0.116,0.106,0.108,0.13,0.131,0.181,0.147,0.11,0.11,0.112,0.124,0.117,0.115,0.137,0.116,0.112,0.116,0.125,0.132,0.152,0.124,0.116,0.124,0.115,0.114,0.121,0.124,0.123,0.147,0.128,0.126,0.44,0.498,0.391,0.343,0.112,0.115,0.144,0.12,0.129,0.134,0.121,0.685,0.292,0.476,0.513,0.436,0.445,0.467
7.75,0.112,0.112,0.12,0.121,0.128,0.122,0.124,0.116,0.106,0.108,0.129,0.132,0.181,0.148,0.109,0.11,0.112,0.123,0.118,0.115,0.137,0.116,0.112,0.116,0.125,0.132,0.151,0.124,0.116,0.124,0.115,0.114,0.121,0.124,0.124,0.152,0.13,0.128,0.428,0.496,0.423,0.371,0.112,0.115,0.144,0.12,0.13,0.134,0.124,0.7,0.315,0.493,0.544,0.454,0.448,0.463
8,0.112,0.113,0.12,0.121,0.128,0.122,0.123,0.116,0.106,0.108,0.128,0.131,0.18,0.148,0.109,0.11,0.112,0.122,0.118,0.114,0.137,0.116,0.112,0.116,0.125,0.132,0.151,0.124,0.116,0.124,0.114,0.114,0.12,0.124,0.124,0.158,0.132,0.13,0.423,0.467,0.428,0.377,0.112,0.115,0.145,0.12,0.129,0.135,0.123,0.714,0.331,0.502,0.546,0.495,0.456,0.468
8.25,0.112,0.112,0.12,0.121,0.128,0.122,0.123,0.116,0.106,0.109,0.129,0.132,0.179,0.148,0.109,0.109,0.112,0.122,0.117,0.114,0.137,0.117,0.113,0.116,0.125,0.132,0.151,0.124,0.116,0.123,0.115,0.114,0.12,0.124,0.124,0.164,0.135,0.133,0.417,0.452,0.446,0.385,0.113,0.115,0.145,0.12,0.134,0.134,0.123,0.729,0.347,0.505,0.534,0.512,0.465,0.472
8.5,0.112,0.112,0.12,0.121,0.128,0.122,0.122,0.116,0.106,0.108,0.129,0.132,0.179,0.148,0.109,0.11,0.112,0.122,0.118,0.114,0.137,0.117,0.113,0.115,0.125,0.132,0.15,0.124,0.116,0.123,0.114,0.113,0.12,0.124,0.124,0.169,0.137,0.134,0.422,0.461,0.454,0.39,0.112,0.115,0.145,0.12,0.134,0.133,0.122,0.734,0.357,0.516,0.539,0.523,0.459,0.467
8.75,0.112,0.112,0.12,0.122,0.128,0.121,0.122,0.116,0.106,0.109,0.128,0.132,0.18,0.148,0.109,0.11,0.112,0.123,0.118,0.114,0.137,0.117,0.113,0.116,0.126,0.132,0.15,0.124,0.116,0.124,0.115,0.114,0.121,0.124,0.124,0.175,0.14,0.136,0.431,0.452,0.458,0.4,0.111,0.115,0.145,0.121,0.128,0.133,0.123,0.732,0.366,0.524,0.55,0.536,0.46,0.471
9,0.112,0.112,0.12,0.122,0.128,0.121,0.122,0.116,0.106,0.109,0.128,0.132,0.179,0.148,0.109,0.109,0.112,0.122,0.118,0.115,0.137,0.118,0.113,0.116,0.127,0.132,0.15,0.124,0.116,0.123,0.114,0.114,0.121,0.124,0.124,0.181,0.144,0.138,0.426,0.462,0.458,0.409,0.112,0.115,0.145,0.121,0.127,0.136,0.123,0.731,0.376,0.545,0.546,0.544,0.466,0.472
9.25,0.112,0.112,0.121,0.122,0.128,0.121,0.122,0.116,0.106,0.109,0.128,0.133,0.179,0.148,0.109,0.11,0.112,0.122,0.117,0.115,0.137,0.117,0.114,0.116,0.126,0.133,0.15,0.124,0.116,0.123,0.115,0.114,0.121,0.124,0.124,0.188,0.148,0.141,0.43,0.441,0.459,0.419,0.112,0.115,0.146,0.121,0.13,0.137,0.124,0.727,0.39,0.543,0.543,0.536,0.457,0.465
9.5,0.112,0.113,0.12,0.122,0.128,0.12,0.121,0.116,0.106,0.109,0.129,0.133,0.177,0.148,0.11,0.11,0.113,0.122,0.118,0.115,0.136,0.117,0.114,0.116,0.125,0.132,0.149,0.124,0.116,0.123,0.115,0.114,0.12,0.124,0.124,0.196,0.151,0.143,0.439,0.418,0.455,0.416,0.112,0.115,0.146,0.122,0.128,0.136,0.125,0.72,0.4,0.537,0.528,0.534,0.458,0.454
9.75,0.112,0.112,0.12,0.122,0.128,0.121,0.121,0.116,0.106,0.109,0.129,0.133,0.177,0.148,0.109,0.11,0.113,0.122,0.117,0.115,0.136,0.118,0.114,0.116,0.125,0.132,0.149,0.124,0.116,0.123,0.114,0.114,0.12,0.123,0.125,0.202,0.156,0.145,0.44,0.407,0.45,0.411,0.112,0.115,0.146,0.121,0.129,0.136,0.125,0.72,0.418,0.531,0.53,0.534,0.454,0.454
10,0.112,0.112,0.12,0.122,0.127,0.12,0.121,0.116,0.106,0.109,0.128,0.133,0.177,0.148,0.109,0.109,0.113,0.122,0.117,0.115,0.135,0.118,0.114,0.116,0.125,0.132,0.149,0.124,0.115,0.123,0.114,0.114,0.121,0.124,0.124,0.208,0.162,0.148,0.443,0.407,0.446,0.417,0.112,0.115,0.146,0.121,0.129,0.136,0.124,0.715,0.429,0.522,0.556,0.529,0.454,0.452
10.25,0.112,0.112,0.12,0.122,0.127,0.12,0.121,0.116,0.107,0.109,0.127,0.133,0.178,0.148,0.109,0.109,0.113,0.122,0.118,0.114,0.135,0.118,0.113,0.116,0.125,0.132,0.149,0.123,0.115,0.122,0.114,0.114,0.12,0.124,0.124,0.216,0.168,0.15,0.444,0.412,0.444,0.426,0.112,0.115,0.146,0.121,0.131,0.137,0.124,0.716,0.43,0.515,0.558,0.519,0.458,0.443
10.5,0.112,0.112,0.12,0.121,0.127,0.12,0.121,0.116,0.107,0.109,0.128,0.133,0.178,0.148,0.109,0.109,0.114,0.122,0.117,0.114,0.135,0.118,0.114,0.116,0.125,0.132,0.149,0.123,0.115,0.122,0.114,0.114,0.12,0.124,0.125,0.225,0.174,0.154,0.446,0.422,0.44,0.427,0.111,0.115,0.146,0.122,0.13,0.138,0.125,0.712,0.429,0.505,0.523,0.509,0.47,0.443
10.75,0.112,0.112,0.12,0.121,0.127,0.12,0.121,0.115,0.107,0.109,0.129,0.133,0.178,0.148,0.109,0.109,0.113,0.122,0.117,0.115,0.135,0.117,0.113,0.116,0.125,0.132,0.149,0.123,0.115,0.121,0.114,0.114,0.12,0.124,0.125,0.233,0.181,0.156,0.451,0.419,0.436,0.428,0.111,0.115,0.146,0.122,0.132,0.138,0.124,0.705,0.43,0.499,0.532,0.496,0.473,0.445
11,0.112,0.112,0.12,0.121,0.127,0.121,0.121,0.116,0.107,0.109,0.129,0.133,0.178,0.148,0.109,0.109,0.113,0.122,0.116,0.115,0.135,0.118,0.113,0.116,0.126,0.132,0.149,0.123,0.115,0.12,0.114,0.116,0.121,0.124,0.125,0.243,0.186,0.159,0.456,0.42,0.434,0.428,0.111,0.114,0.146,0.123,0.132,0.138,0.124,0.703,0.43,0.495,0.558,0.486,0.475,0.447
11.25,0.112,0.112,0.12,0.125,0.131,0.12,0.12,0.115,0.107,0.109,0.13,0.136,0.178,0.148,0.109,0.109,0.113,0.121,0.12,0.115,0.134,0.118,0.112,0.116,0.129,0.134,0.149,0.123,0.115,0.121,0.114,0.115,0.121,0.124,0.125,0.252,0.194,0.164,0.461,0.412,0.431,0.427,0.111,0.114,0.146,0.123,0.133,0.137,0.124,0.702,0.428,0.49,0.528,0.488,0.473,0.46
11.5,0.112,0.112,0.12,0.121,0.127,0.12,0.12,0.115,0.107,0.109,0.129,0.133,0.177,0.148,0.109,0.109,0.114,0.122,0.117,0.115,0.135,0.118,0.112,0.116,0.126,0.131,0.149,0.122,0.115,0.121,0.114,0.116,0.121,0.124,0.126,0.26,0.2,0.167,0.462,0.405,0.428,0.426,0.111,0.114,0.147,0.123,0.131,0.138,0.124,0.696,0.42,0.483,0.505,0.487,0.471,0.463
11.75,0.112,0.113,0.12,0.121,0.127,0.12,0.121,0.115,0.107,0.109,0.13,0.133,0.178,0.148,0.109,0.108,0.114,0.121,0.117,0.116,0.135,0.118,0.112,0.115,0.125,0.131,0.149,0.123,0.115,0.121,0.114,0.115,0.12,0.124,0.125,0.267,0.207,0.171,0.461,0.406,0.425,0.425,0.111,0.123,0.147,0.124,0.132,0.14,0.124,0.688,0.419,0.478,0.499,0.48,0.476,0.469
12,0.112,0.113,0.12,0.121,0.127,0.12,0.121,0.116,0.107,0.109,0.13,0.133,0.178,0.148,0.108,0.108,0.114,0.121,0.117,0.115,0.135,0.117,0.112,0.115,0.125,0.13,0.149,0.122,0.115,0.12,0.113,0.115,0.121,0.125,0.125,0.273,0.213,0.18,0.457,0.408,0.423,0.423,0.111,0.122,0.148,0.123,0.131,0.14,0.126,0.694,0.42,0.475,0.507,0.477,0.479,0.474
12.25,0.112,0.113,0.12,0.121,0.127,0.12,0.121,0.115,0.107,0.108,0.129,0.132,0.177,0.147,0.108,0.108,0.113,0.12,0.117,0.115,0.135,0.117,0.111,0.116,0.125,0.131,0.149,0.122,0.115,0.121,0.113,0.114,0.121,0.124,0.125,0.279,0.22,0.186,0.451,0.408,0.42,0.422,0.111,0.121,0.147,0.123,0.132,0.14,0.124,0.689,0.41,0.482,0.499,0.516,0.482,0.477
12.5,0.112,0.113,0.12,0.12,0.127,0.12,0.12,0.116,0.107,0.108,0.129,0.132,0.176,0.147,0.108,0.108,0.113,0.12,0.117,0.115,0.135,0.117,0.111,0.116,0.126,0.13,0.149,0.122,0.115,0.121,0.113,0.114,0.121,0.125,0.125,0.281,0.223,0.2,0.445,0.409,0.418,0.42,0.111,0.119,0.147,0.123,0.132,0.14,0.125,0.687,0.41,0.481,0.497,0.503,0.482,0.487
12.75,0.112,0.112,0.119,0.12,0.127,0.12,0.12,0.115,0.107,0.108,0.129,0.132,0.176,0.147,0.108,0.109,0.113,0.121,0.117,0.115,0.135,0.117,0.111,0.116,0.126,0.13,0.149,0.122,0.115,0.12,0.113,0.114,0.121,0.124,0.125,0.284,0.227,0.202,0.441,0.408,0.416,0.419,0.112,0.119,0.148,0.123,0.132,0.14,0.124,0.692,0.403,0.474,0.489,0.488,0.48,0.498
13,0.112,0.113,0.12,0.125,0.132,0.12,0.12,0.115,0.107,0.108,0.13,0.136,0.176,0.147,0.108,0.109,0.113,0.12,0.12,0.115,0.135,0.116,0.111,0.115,0.129,0.134,0.149,0.122,0.114,0.12,0.113,0.114,0.122,0.124,0.124,0.286,0.229,0.216,0.438,0.406,0.413,0.417,0.111,0.119,0.148,0.122,0.135,0.141,0.125,0.691,0.402,0.46,0.497,0.485,0.478,0.497
13.25,0.112,0.113,0.12,0.125,0.132,0.12,0.12,0.116,0.108,0.108,0.131,0.136,0.176,0.147,0.108,0.109,0.113,0.121,0.121,0.114,0.135,0.116,0.111,0.115,0.128,0.134,0.149,0.122,0.114,0.12,0.113,0.113,0.122,0.124,0.123,0.287,0.228,0.22,0.435,0.405,0.41,0.416,0.111,0.119,0.149,0.122,0.134,0.142,0.124,0.686,0.391,0.462,0.498,0.493,0.483,0.5
13.5,0.112,0.113,0.12,0.125,0.132,0.12,0.12,0.116,0.108,0.109,0.131,0.137,0.175,0.146,0.108,0.11,0.113,0.121,0.12,0.114,0.135,0.117,0.111,0.116,0.128,0.134,0.148,0.122,0.114,0.12,0.113,0.114,0.123,0.125,0.124,0.29,0.23,0.226,0.429,0.403,0.409,0.414,0.111,0.119,0.149,0.122,0.136,0.141,0.125,0.683,0.389,0.464,0.483,0.496,0.492,0.498
13.75,0.112,0.113,0.119,0.125,0.132,0.12,0.12,0.115,0.108,0.108,0.129,0.137,0.175,0.146,0.108,0.11,0.113,0.121,0.121,0.115,0.135,0.117,0.111,0.116,0.128,0.134,0.148,0.122,0.114,0.12,0.113,0.113,0.122,0.125,0.124,0.29,0.231,0.229,0.425,0.401,0.407,0.413,0.111,0.118,0.149,0.122,0.135,0.142,0.124,0.684,0.387,0.458,0.481,0.471,0.484,0.504
14,0.112,0.113,0.119,0.125,0.132,0.119,0.12,0.115,0.108,0.108,0.129,0.137,0.175,0.146,0.108,0.11,0.113,0.121,0.12,0.115,0.135,0.117,0.111,0.116,0.128,0.135,0.148,0.122,0.114,0.12,0.113,0.114,0.122,0.125,0.124,0.286,0.235,0.235,0.422,0.399,0.405,0.412,0.111,0.119,0.148,0.122,0.135,0.143,0.124,0.683,0.375,0.464,0.481,0.465,0.474,0.508
14.25,0.112,0.113,0.119,0.121,0.127,0.119,0.12,0.115,0.108,0.108,0.128,0.134,0.174,0.146,0.108,0.11,0.113,0.121,0.117,0.114,0.135,0.116,0.111,0.115,0.124,0.132,0.148,0.122,0.114,0.119,0.113,0.114,0.121,0.124,0.124,0.287,0.236,0.239,0.417,0.398,0.403,0.41,0.111,0.118,0.148,0.124,0.132,0.142,0.124,0.68,0.369,0.457,0.473,0.468,0.473,0.513
14.5,0.112,0.113,0.12,0.126,0.132,0.119,0.12,0.115,0.108,0.108,0.129,0.137,0.176,0.146,0.108,0.11,0.112,0.12,0.12,0.116,0.135,0.115,0.111,0.115,0.127,0.135,0.149,0.122,0.114,0.119,0.113,0.114,0.122,0.126,0.124,0.286,0.236,0.242,0.415,0.395,0.401,0.409,0.111,0.118,0.148,0.123,0.135,0.144,0.124,0.685,0.377,0.458,0.475,0.464,0.477,0.517
14.75,0.112,0.113,0.119,0.125,0.132,0.119,0.119,0.115,0.108,0.108,0.128,0.137,0.176,0.146,0.108,0.11,0.112,0.121,0.12,0.117,0.134,0.115,0.111,0.115,0.127,0.135,0.15,0.123,0.114,0.119,0.113,0.113,0.121,0.127,0.125,0.286,0.239,0.244,0.41,0.393,0.4,0.408,0.111,0.118,0.149,0.123,0.139,0.145,0.124,0.682,0.371,0.457,0.475,0.471,0.483,0.52
15,0.112,0.113,0.119,0.126,0.132,0.119,0.119,0.115,0.108,0.108,0.128,0.137,0.176,0.146,0.108,0.11,0.112,0.121,0.121,0.117,0.134,0.116,0.111,0.115,0.127,0.135,0.149,0.123,0.114,0.119,0.113,0.113,0.121,0.127,0.124,0.284,0.245,0.249,0.408,0.391,0.399,0.407,0.111,0.118,0.148,0.124,0.137,0.145,0.125,0.685,0.357,0.474,0.471,0.451,0.489,0.525
15.25,0.112,0.112,0.119,0.126,0.132,0.12,0.12,0.115,0.108,0.108,0.129,0.137,0.175,0.146,0.108,0.11,0.112,0.121,0.12,0.116,0.134,0.116,0.111,0.115,0.127,0.135,0.149,0.123,0.114,0.119,0.112,0.113,0.122,0.126,0.125,0.287,0.253,0.258,0.405,0.389,0.398,0.406,0.111,0.118,0.148,0.123,0.137,0.146,0.125,0.674,0.365,0.464,0.469,0.458,0.495,0.528
15.5,0.112,0.112,0.119,0.126,0.132,0.119,0.12,0.115,0.108,0.108,0.129,0.136,0.174,0.146,0.108,0.11,0.112,0.121,0.121,0.116,0.134,0.115,0.111,0.115,0.127,0.136,0.148,0.123,0.114,0.119,0.113,0.113,0.121,0.125,0.125,0.291,0.267,0.268,0.401,0.387,0.396,0.405,0.11,0.118,0.148,0.124,0.138,0.145,0.125,0.683,0.368,0.479,0.465,0.455,0.499,0.537
15.75,0.112,0.112,0.119,0.127,0.132,0.12,0.12,0.115,0.108,0.108,0.129,0.137,0.173,0.146,0.108,0.11,0.112,0.12,0.12,0.116,0.135,0.115,0.111,0.115,0.127,0.136,0.148,0.124,0.114,0.118,0.113,0.114,0.121,0.125,0.125,0.296,0.275,0.277,0.397,0.385,0.395,0.403,0.111,0.118,0.148,0.124,0.137,0.146,0.125,0.677,0.387,0.463,0.461,0.457,0.503,0.546
16,0.112,0.112,0.119,0.126,0.132,0.12,0.12,0.115,0.108,0.108,0.129,0.137,0.173,0.146,0.108,0.11,0.112,0.12,0.12,0.115,0.135,0.115,0.111,0.115,0.127,0.136,0.147,0.124,0.114,0.119,0.113,0.113,0.12,0.125,0.125,0.303,0.284,0.292,0.394,0.383,0.393,0.402,0.111,0.118,0.149,0.124,0.138,0.145,0.125,0.682,0.388,0.471,0.457,0.447,0.511,0.547
16.25,0.112,0.112,0.119,0.127,0.132,0.12,0.12,0.115,0.108,0.108,0.129,0.137,0.172,0.147,0.108,0.109,0.112,0.12,0.119,0.115,0.135,0.115,0.111,0.114,0.126,0.136,0.147,0.124,0.114,0.119,0.112,0.113,0.121,0.124,0.124,0.306,0.294,0.307,0.392,0.382,0.392,0.402,0.11,0.118,0.149,0.124,0.138,0.145,0.125,0.675,0.388,0.493,0.453,0.45,0.515,0.548
16.5,0.111,0.112,0.119,0.122,0.127,0.12,0.12,0.115,0.108,0.107,0.126,0.134,0.172,0.147,0.108,0.109,0.112,0.121,0.117,0.115,0.135,0.115,0.111,0.114,0.122,0.133,0.147,0.124,0.114,0.118,0.112,0.113,0.119,0.124,0.124,0.309,0.303,0.316,0.388,0.381,0.39,0.401,0.11,0.118,0.149,0.126,0.135,0.145,0.125,0.675,0.396,0.463,0.448,0.444,0.516,0.548
16.75,0.111,0.112,0.119,0.123,0.127,0.12,0.12,0.115,0.108,0.107,0.126,0.135,0.171,0.147,0.108,0.109,0.112,0.12,0.116,0.115,0.135,0.114,0.111,0.114,0.121,0.132,0.146,0.124,0.114,0.119,0.112,0.113,0.12,0.124,0.124,0.314,0.311,0.321,0.386,0.38,0.389,0.4,0.11,0.119,0.148,0.125,0.134,0.146,0.125,0.67,0.392,0.45,0.445,0.439,0.517,0.547
17,0.112,0.112,0.119,0.123,0.127,0.119,0.12,0.115,0.108,0.108,0.127,0.135,0.171,0.148,0.108,0.109,0.112,0.12,0.116,0.115,0.134,0.114,0.111,0.114,0.122,0.133,0.146,0.124,0.114,0.119,0.113,0.113,0.12,0.124,0.124,0.317,0.317,0.327,0.384,0.378,0.388,0.399,0.11,0.118,0.149,0.126,0.134,0.145,0.126,0.673,0.389,0.465,0.445,0.436,0.52,0.549
17.25,0.112,0.111,0.119,0.122,0.127,0.12,0.12,0.114,0.108,0.107,0.126,0.134,0.171,0.148,0.108,0.109,0.112,0.12,0.116,0.115,0.134,0.114,0.111,0.114,0.121,0.133,0.146,0.124,0.114,0.118,0.113,0.113,0.119,0.124,0.124,0.32,0.32,0.331,0.381,0.377,0.387,0.398,0.111,0.118,0.149,0.126,0.135,0.145,0.126,0.681,0.371,0.445,0.442,0.435,0.521,0.548
17.5,0.111,0.111,0.119,0.122,0.126,0.12,0.12,0.114,0.108,0.107,0.126,0.135,0.171,0.148,0.108,0.109,0.112,0.12,0.116,0.115,0.134,0.114,0.111,0.114,0.121,0.132,0.146,0.124,0.114,0.119,0.112,0.113,0.12,0.124,0.124,0.322,0.322,0.334,0.38,0.375,0.386,0.397,0.11,0.118,0.149,0.126,0.135,0.146,0.126,0.678,0.361,0.446,0.442,0.431,0.519,0.549
17.75,0.111,0.112,0.119,0.122,0.127,0.12,0.12,0.114,0.109,0.107,0.125,0.134,0.17,0.149,0.108,0.109,0.112,0.12,0.116,0.115,0.134,0.114,0.111,0.114,0.121,0.133,0.145,0.124,0.114,0.119,0.112,0.113,0.118,0.124,0.124,0.323,0.323,0.334,0.377,0.374,0.385,0.397,0.11,0.118,0.148,0.126,0.136,0.147,0.126,0.67,0.357,0.442,0.441,0.431,0.52,0.549
18,0.111,0.111,0.119,0.122,0.127,0.12,0.12,0.114,0.108,0.107,0.126,0.135,0.17,0.149,0.108,0.109,0.111,0.12,0.116,0.115,0.134,0.113,0.11,0.114,0.121,0.132,0.145,0.124,0.114,0.118,0.112,0.113,0.12,0.124,0.124,0.323,0.322,0.335,0.375,0.372,0.384,0.396,0.111,0.118,0.149,0.126,0.134,0.146,0.126,0.671,0.35,0.438,0.441,0.428,0.521,0.55
18.25,0.111,0.111,0.119,0.122,0.127,0.119,0.12,0.114,0.108,0.108,0.126,0.135,0.17,0.149,0.107,0.109,0.111,0.12,0.116,0.115,0.134,0.113,0.111,0.114,0.121,0.132,0.145,0.124,0.114,0.118,0.112,0.113,0.119,0.124,0.123,0.321,0.322,0.334,0.374,0.371,0.383,0.395,0.111,0.118,0.149,0.126,0.134,0.146,0.126,0.668,0.344,0.44,0.436,0.428,0.521,0.55
18.5,0.111,0.111,0.118,0.122,0.127,0.119,0.12,0.114,0.108,0.107,0.125,0.134,0.17,0.149,0.107,0.108,0.111,0.119,0.116,0.115,0.134,0.113,0.111,0.114,0.121,0.133,0.145,0.123,0.114,0.118,0.112,0.113,0.118,0.124,0.124,0.32,0.321,0.333,0.372,0.37,0.382,0.394,0.111,0.118,0.149,0.126,0.135,0.146,0.126,0.665,0.341,0.438,0.436,0.427,0.522,0.552
18.75,0.111,0.111,0.118,0.122,0.126,0.119,0.12,0.114,0.108,0.107,0.126,0.135,0.17,0.15,0.107,0.108,0.111,0.119,0.115,0.114,0.134,0.113,0.11,0.114,0.12,0.133,0.145,0.124,0.114,0.118,0.112,0.113,0.119,0.123,0.123,0.319,0.32,0.332,0.371,0.368,0.381,0.394,0.111,0.118,0.149,0.126,0.135,0.147,0.126,0.663,0.339,0.434,0.433,0.425,0.521,0.554
19,0.111,0.111,0.118,0.122,0.126,0.119,0.12,0.114,0.108,0.107,0.125,0.134,0.17,0.15,0.107,0.108,0.111,0.119,0.116,0.115,0.134,0.113,0.11,0.114,0.12,0.132,0.144,0.124,0.114,0.118,0.112,0.112,0.118,0.124,0.123,0.317,0.319,0.33,0.369,0.367,0.38,0.393,0.111,0.118,0.149,0.127,0.136,0.148,0.126,0.661,0.339,0.43,0.427,0.424,0.522,0.556
19.25,0.111,0.111,0.118,0.122,0.126,0.119,0.12,0.114,0.108,0.107,0.125,0.134,0.169,0.15,0.107,0.108,0.111,0.119,0.115,0.115,0.134,0.113,0.11,0.114,0.12,0.133,0.144,0.123,0.114,0.118,0.112,0.113,0.118,0.124,0.123,0.316,0.319,0.328,0.367,0.366,0.379,0.392,0.111,0.118,0.15,0.127,0.136,0.147,0.127,0.66,0.339,0.429,0.425,0.424,0.522,0.556
19.5,0.111,0.111,0.118,0.122,0.126,0.119,0.12,0.114,0.108,0.107,0.124,0.134,0.169,0.15,0.107,0.108,0.111,0.119,0.115,0.115,0.134,0.113,0.11,0.114,0.12,0.133,0.144,0.123,0.114,0.118,0.112,0.113,0.118,0.124,0.123,0.315,0.318,0.325,0.366,0.365,0.379,0.392,0.111,0.118,0.149,0.127,0.134,0.148,0.127,0.659,0.339,0.429,0.426,0.426,0.521,0.555
19.75,0.111,0.111,0.118,0.122,0.126,0.119,0.12,0.114,0.108,0.107,0.125,0.134,0.169,0.15,0.107,0.108,0.111,0.12,0.116,0.115,0.134,0.113,0.11,0.114,0.12,0.132,0.144,0.123,0.114,0.118,0.112,0.112,0.118,0.124,0.123,0.312,0.317,0.323,0.364,0.363,0.378,0.391,0.11,0.118,0.15,0.127,0.134,0.148,0.127,0.659,0.339,0.427,0.427,0.423,0.521,0.552
20,0.111,0.111,0.118,0.122,0.126,0.119,0.12,0.113,0.108,0.107,0.124,0.134,0.169,0.15,0.107,0.108,0.111,0.119,0.115,0.115,0.134,0.113,0.11,0.113,0.119,0.132,0.144,0.123,0.114,0.117,0.112,0.113,0.118,0.123,0.123,0.31,0.316,0.321,0.362,0.362,0.376,0.39,0.111,0.118,0.149,0.127,0.134,0.148,0.127,0.663,0.338,0.426,0.426,0.421,0.521,0.549
20.25,0.111,0.111,0.118,0.126,0.131,0.119,0.12,0.114,0.109,0.107,0.126,0.137,0.169,0.15,0.107,0.108,0.111,0.119,0.118,0.115,0.134,0.112,0.11,0.113,0.123,0.136,0.143,0.123,0.114,0.118,0.112,0.112,0.118,0.123,0.123,0.307,0.314,0.319,0.363,0.36,0.376,0.39,0.111,0.118,0.149,0.126,0.138,0.148,0.127,0.663,0.339,0.424,0.433,0.43,0.519,0.548
20.5,0.111,0.111,0.118,0.126,0.131,0.119,0.12,0.113,0.108,0.107,0.127,0.136,0.169,0.15,0.107,0.108,0.111,0.119,0.119,0.115,0.134,0.112,0.11,0.113,0.123,0.135,0.143,0.123,0.114,0.117,0.112,0.112,0.118,0.123,0.123,0.303,0.311,0.316,0.361,0.359,0.375,0.389,0.111,0.118,0.149,0.127,0.138,0.149,0.127,0.667,0.339,0.426,0.431,0.435,0.517,0.545
20.75,0.11,0.111,0.118,0.126,0.13,0.119,0.12,0.113,0.108,0.107,0.126,0.136,0.169,0.15,0.107,0.108,0.11,0.119,0.118,0.115,0.134,0.112,0.11,0.113,0.122,0.134,0.143,0.123,0.114,0.118,0.111,0.112,0.119,0.123,0.123,0.3,0.308,0.313,0.36,0.358,0.373,0.389,0.111,0.118,0.149,0.126,0.138,0.149,0.127,0.669,0.339,0.427,0.432,0.438,0.518,0.546
21,0.11,0.11,0.118,0.126,0.13,0.119,0.12,0.113,0.108,0.107,0.126,0.136,0.169,0.15,0.107,0.108,0.11,0.119,0.118,0.115,0.134,0.112,0.11,0.113,0.122,0.135,0.143,0.123,0.114,0.118,0.111,0.112,0.119,0.123,0.123,0.298,0.306,0.31,0.358,0.357,0.373,0.388,0.111,0.118,0.148,0.127,0.137,0.149,0.127,0.672,0.339,0.427,0.428,0.438,0.52,0.543
21.25,0.11,0.11,0.118,0.126,0.13,0.119,0.12,0.113,0.108,0.107,0.126,0.136,0.168,0.15,0.107,0.108,0.11,0.119,0.118,0.115,0.134,0.112,0.109,0.113,0.122,0.135,0.143,0.123,0.114,0.117,0.111,0.112,0.118,0.123,0.123,0.295,0.304,0.307,0.357,0.356,0.372,0.388,0.111,0.118,0.148,0.127,0.138,0.149,0.128,0.676,0.338,0.428,0.432,0.43,0.517,0.541
21.5,0.11,0.11,0.118,0.126,0.13,0.119,0.12,0.113,0.108,0.107,0.125,0.136,0.168,0.15,0.107,0.108,0.11,0.119,0.118,0.115,0.134,0.112,0.109,0.113,0.122,0.134,0.142,0.123,0.114,0.117,0.111,0.112,0.118,0.123,0.122,0.292,0.301,0.303,0.354,0.355,0.371,0.387,0.111,0.118,0.148,0.128,0.138,0.15,0.128,0.679,0.337,0.427,0.43,0.43,0.515,0.538
21.75,0.11,0.11,0.118,0.125,0.13,0.119,0.12,0.113,0.108,0.106,0.125,0.135,0.168,0.15,0.107,0.108,0.11,0.119,0.118,0.115,0.134,0.112,0.109,0.113,0.122,0.134,0.142,0.122,0.114,0.117,0.111,0.112,0.118,0.123,0.122,0.29,0.299,0.301,0.352,0.354,0.371,0.386,0.11,0.117,0.148,0.127,0.138,0.15,0.128,0.681,0.338,0.428,0.43,0.434,0.515,0.534
22,0.11,0.11,0.118,0.126,0.13,0.119,0.12,0.113,0.108,0.106,0.125,0.135,0.168,0.15,0.107,0.108,0.11,0.119,0.118,0.115,0.134,0.112,0.109,0.113,0.122,0.133,0.142,0.122,0.114,0.117,0.111,0.112,0.118,0.123,0.122,0.287,0.297,0.298,0.349,0.353,0.369,0.386,0.111,0.117,0.148,0.127,0.139,0.151,0.128,0.683,0.337,0.428,0.432,0.44,0.513,0.533
22.25,0.11,0.11,0.118,0.125,0.13,0.119,0.12,0.113,0.108,0.107,0.126,0.135,0.168,0.15,0.107,0.108,0.11,0.119,0.118,0.114,0.134,0.112,0.109,0.113,0.122,0.134,0.142,0.122,0.114,0.117,0.111,0.112,0.117,0.123,0.122,0.285,0.294,0.295,0.346,0.353,0.368,0.386,0.111,0.117,0.148,0.128,0.138,0.151,0.128,0.687,0.337,0.428,0.435,0.447,0.513,0.53
22.5,0.11,0.11,0.117,0.125,0.13,0.119,0.12,0.113,0.108,0.107,0.125,0.135,0.168,0.15,0.107,0.107,0.11,0.119,0.118,0.115,0.134,0.112,0.109,0.113,0.122,0.134,0.141,0.122,0.114,0.117,0.111,0.112,0.117,0.123,0.122,0.283,0.292,0.294,0.342,0.351,0.367,0.385,0.111,0.117,0.148,0.128,0.138,0.151,0.128,0.69,0.336,0.427,0.434,0.448,0.511,0.528
22.75,0.11,0.11,0.117,0.125,0.13,0.119,0.12,0.113,0.108,0.106,0.125,0.135,0.168,0.149,0.107,0.108,0.11,0.119,0.117,0.115,0.134,0.112,0.109,0.113,0.121,0.134,0.141,0.122,0.114,0.117,0.111,0.112,0.117,0.123,0.122,0.281,0.29,0.292,0.339,0.351,0.367,0.385,0.111,0.117,0.148,0.128,0.14,0.151,0.129,0.691,0.336,0.427,0.432,0.445,0.51,0.526
23,0.11,0.11,0.117,0.125,0.13,0.119,0.12,0.113,0.108,0.106,0.125,0.135,0.168,0.149,0.107,0.107,0.11,0.119,0.118,0.115,0.134,0.112,0.109,0.112,0.121,0.134,0.141,0.122,0.114,0.117,0.111,0.112,0.117,0.123,0.122,0.279,0.288,0.29,0.336,0.35,0.366,0.384,0.111,0.117,0.148,0.128,0.14,0.151,0.129,0.693,0.334,0.426,0.432,0.442,0.508,0.525
23.25,0.11,0.11,0.117,0.126,0.129,0.119,0.12,0.113,0.108,0.106,0.125,0.135,0.168,0.15,0.107,0.107,0.11,0.119,0.117,0.114,0.134,0.112,0.109,0.113,0.121,0.133,0.141,0.122,0.114,0.117,0.111,0.112,0.118,0.123,0.122,0.277,0.286,0.289,0.333,0.349,0.365,0.384,0.111,0.117,0.148,0.128,0.139,0.152,0.129,0.694,0.333,0.425,0.433,0.435,0.507,0.523
23.5,0.11,0.11,0.117,0.125,0.129,0.119,0.12,0.113,0.108,0.107,0.125,0.134,0.168,0.149,0.107,0.107,0.11,0.119,0.117,0.114,0.134,0.112,0.109,0.112,0.121,0.133,0.141,0.122,0.114,0.117,0.111,0.111,0.117,0.123,0.122,0.275,0.284,0.288,0.33,0.349,0.364,0.383,0.11,0.117,0.148,0.128,0.14,0.152,0.129,0.697,0.333,0.426,0.433,0.433,0.506,0.522
23.75,0.109,0.11,0.117,0.121,0.124,0.119,0.12,0.112,0.108,0.106,0.123,0.131,0.168,0.149,0.107,0.108,0.11,0.119,0.114,0.114,0.134,0.111,0.109,0.112,0.117,0.129,0.14,0.122,0.114,0.117,0.111,0.112,0.117,0.123,0.122,0.274,0.281,0.287,0.325,0.349,0.364,0.383,0.11,0.117,0.148,0.129,0.138,0.152,0.129,0.698,0.332,0.426,0.428,0.43,0.504,0.52
24,0.11,0.11,0.117,0.125,0.129,0.119,0.12,0.113,0.108,0.106,0.124,0.134,0.168,0.15,0.107,0.107,0.11,0.119,0.117,0.115,0.134,0.111,0.109,0.112,0.12,0.132,0.141,0.122,0.114,0.117,0.111,0.112,0.118,0.123,0.122,0.272,0.28,0.286,0.325,0.347,0.364,0.382,0.11,0.117,0.148,0.128,0.14,0.153,0.13,0.699,0.33,0.427,0.432,0.43,0.504,0.519
24.25,0.11,0.11,0.117,0.125,0.129,0.119,0.119,0.113,0.108,0.106,0.125,0.134,0.168,0.149,0.107,0.107,0.11,0.119,0.117,0.114,0.134,0.111,0.109,0.112,0.12,0.133,0.14,0.122,0.114,0.117,0.111,0.112,0.117,0.123,0.122,0.271,0.278,0.285,0.326,0.346,0.364,0.381,0.111,0.117,0.148,0.128,0.14,0.153,0.13,0.702,0.329,0.427,0.429,0.422,0.504,0.517
24.5,0.109,0.11,0.117,0.125,0.129,0.119,0.12,0.112,0.108,0.106,0.125,0.134,0.168,0.15,0.107,0.107,0.109,0.119,0.117,0.115,0.134,0.111,0.109,0.112,0.12,0.133,0.14,0.122,0.114,0.117,0.111,0.112,0.118,0.122,0.122,0.269,0.277,0.283,0.325,0.345,0.364,0.381,0.11,0.117,0.148,0.128,0.141,0.153,0.13,0.707,0.328,0.428,0.428,0.41,0.503,0.516
24.75,0.11,0.11,0.117,0.125,0.129,0.119,0.12,0.112,0.108,0.107,0.124,0.134,0.167,0.15,0.107,0.107,0.11,0.118,0.117,0.115,0.134,0.111,0.109,0.112,0.12,0.132,0.14,0.121,0.114,0.117,0.111,0.111,0.117,0.122,0.121,0.268,0.275,0.282,0.325,0.344,0.364,0.381,0.11,0.117,0.147,0.129,0.14,0.153,0.131,0.704,0.327,0.429,0.43,0.403,0.502,0.514
25,0.11,0.11,0.117,0.125,0.129,0.119,0.12,0.112,0.108,0.107,0.124,0.133,0.168,0.149,0.107,0.107,0.11,0.118,0.117,0.115,0.134,0.111,0.109,0.112,0.12,0.132,0.14,0.121,0.114,0.117,0.111,0.111,0.117,0.122,0.121,0.266,0.274,0.281,0.324,0.343,0.364,0.381,0.111,0.117,0.148,0.129,0.14,0.154,0.131,0.701,0.327,0.43,0.43,0.397,0.501,0.513
25.25,0.11,0.11,0.117,0.125,0.129,0.119,0.12,0.112,0.108,0.106,0.125,0.133,0.167,0.149,0.107,0.107,0.11,0.118,0.116,0.114,0.134,0.111,0.109,0.112,0.12,0.132,0.14,0.121,0.114,0.117,0.11,0.112,0.117,0.122,0.121,0.265,0.273,0.28,0.324,0.342,0.364,0.381,0.111,0.117,0.148,0.129,0.141,0.154,0.131,0.707,0.327,0.434,0.429,0.394,0.501,0.512
25.5,0.11,0.11,0.117,0.125,0.129,0.119,0.12,0.112,0.108,0.106,0.124,0.133,0.167,0.149,0.107,0.107,0.11,0.118,0.117,0.115,0.134,0.111,0.109,0.112,0.12,0.132,0.14,0.121,0.114,0.117,0.11,0.111,0.116,0.122,0.121,0.263,0.271,0.279,0.324,0.341,0.364,0.382,0.111,0.117,0.147,0.129,0.141,0.154,0.131,0.705,0.326,0.437,0.428,0.395,0.499,0.511
25.75,0.11,0.11,0.117,0.124,0.129,0.119,0.12,0.112,0.108,0.106,0.124,0.133,0.167,0.149,0.107,0.107,0.11,0.118,0.117,0.115,0.134,0.111,0.109,0.112,0.12,0.132,0.14,0.121,0.114,0.117,0.111,0.111,0.116,0.122,0.121,0.262,0.27,0.278,0.325,0.341,0.363,0.382,0.111,0.117,0.147,0.129,0.141,0.154,0.131,0.704,0.326,0.437,0.429,0.397,0.497,0.509
26,0.11,0.11,0.117,0.125,0.128,0.119,0.12,0.112,0.108,0.106,0.124,0.133,0.167,0.149,0.107,0.107,0.11,0.118,0.117,0.115,0.134,0.111,0.109,0.112,0.12,0.131,0.139,0.121,0.114,0.117,0.11,0.111,0.117,0.122,0.121,0.262,0.269,0.277,0.326,0.341,0.362,0.383,0.111,0.117,0.147,0.129,0.14,0.155,0.131,0.7,0.326,0.438,0.432,0.4,0.496,0.508
26.25,0.11,0.11,0.117,0.125,0.128,0.119,0.12,0.112,0.108,0.106,0.124,0.133,0.167,0.15,0.107,0.107,0.109,0.118,0.117,0.115,0.134,0.111,0.109,0.112,0.12,0.131,0.139,0.121,0.114,0.117,0.11,0.111,0.117,0.122,0.121,0.261,0.267,0.276,0.326,0.342,0.363,0.383,0.111,0.117,0.147,0.129,0.141,0.155,0.132,0.701,0.325,0.437,0.433,0.406,0.499,0.507
26.5,0.11,0.11,0.117,0.125,0.128,0.12,0.12,0.112,0.109,0.106,0.124,0.133,0.167,0.15,0.107,0.107,0.109,0.118,0.116,0.115,0.134,0.111,0.109,0.112,0.12,0.131,0.139,0.121,0.114,0.117,0.11,0.111,0.117,0.122,0.121,0.261,0.266,0.275,0.328,0.343,0.364,0.384,0.111,0.117,0.147,0.129,0.141,0.155,0.132,0.703,0.325,0.443,0.43,0.407,0.499,0.506
26.75,0.109,0.11,0.117,0.125,0.128,0.12,0.12,0.112,0.109,0.106,0.124,0.133,0.167,0.15,0.107,0.107,0.109,0.118,0.116,0.115,0.134,0.111,0.109,0.112,0.119,0.131,0.139,0.121,0.114,0.117,0.11,0.111,0.117,0.122,0.121,0.26,0.265,0.273,0.326,0.343,0.362,0.385,0.111,0.117,0.147,0.129,0.141,0.155,0.132,0.7,0.325,0.442,0.43,0.407,0.498,0.505
27,0.11,0.11,0.117,0.124,0.128,0.119,0.12,0.112,0.11,0.106,0.124,0.132,0.168,0.15,0.107,0.107,0.109,0.118,0.116,0.115,0.134,0.111,0.109,0.111,0.119,0.132,0.139,0.121,0.114,0.117,0.11,0.111,0.116,0.122,0.121,0.259,0.264,0.272,0.323,0.344,0.361,0.385,0.111,0.117,0.147,0.129,0.141,0.156,0.132,0.7,0.327,0.44,0.427,0.408,0.497,0.505
27.25,0.109,0.11,0.117,0.125,0.128,0.119,0.12,0.112,0.11,0.106,0.123,0.132,0.168,0.15,0.107,0.107,0.109,0.118,0.116,0.115,0.134,0.111,0.109,0.111,0.119,0.131,0.139,0.121,0.114,0.117,0.11,0.111,0.116,0.122,0.121,0.258,0.263,0.272,0.321,0.345,0.362,0.385,0.111,0.117,0.147,0.129,0.141,0.156,0.132,0.701,0.331,0.442,0.426,0.407,0.496,0.504
27.5,0.109,0.11,0.117,0.125,0.128,0.12,0.12,0.112,0.11,0.106,0.123,0.132,0.168,0.15,0.107,0.107,0.109,0.118,0.115,0.115,0.134,0.111,0.109,0.111,0.12,0.13,0.139,0.121,0.114,0.117,0.11,0.112,0.115,0.122,0.121,0.257,0.262,0.272,0.324,0.349,0.36,0.385,0.11,0.116,0.147,0.13,0.14,0.156,0.132,0.702,0.336,0.443,0.431,0.41,0.495,0.504
27.75,0.11,0.11,0.117,0.125,0.128,0.119,0.12,0.112,0.109,0.106,0.123,0.132,0.168,0.15,0.107,0.107,0.109,0.118,0.115,0.114,0.134,0.111,0.109,0.111,0.119,0.129,0.138,0.121,0.114,0.117,0.11,0.112,0.115,0.122,0.121,0.257,0.262,0.271,0.326,0.351,0.358,0.385,0.111,0.116,0.147,0.13,0.141,0.157,0.132,0.702,0.337,0.445,0.43,0.416,0.494,0.503
28,0.11,0.11,0.117,0.124,0.127,0.119,0.12,0.112,0.109,0.106,0.123,0.131,0.168,0.15,0.107,0.107,0.109,0.118,0.114,0.115,0.134,0.111,0.109,0.111,0.121,0.129,0.138,0.121,0.114,0.117,0.11,0.113,0.115,0.122,0.121,0.256,0.262,0.27,0.332,0.353,0.357,0.384,0.111,0.116,0.147,0.132,0.14,0.157,0.132,0.7,0.337,0.448,0.433,0.428,0.494,0.502
28.25,0.109,0.11,0.117,0.123,0.127,0.119,0.12,0.112,0.109,0.106,0.122,0.132,0.168,0.15,0.107,0.107,0.109,0.117,0.116,0.115,0.134,0.111,0.109,0.111,0.121,0.13,0.138,0.121,0.114,0.117,0.11,0.113,0.115,0.122,0.121,0.256,0.261,0.27,0.34,0.356,0.356,0.383,0.111,0.116,0.146,0.133,0.143,0.157,0.133,0.704,0.339,0.45,0.43,0.437,0.494,0.501
28.5,0.109,0.11,0.117,0.123,0.128,0.119,0.12,0.112,0.109,0.106,0.122,0.131,0.168,0.15,0.107,0.107,0.109,0.117,0.115,0.115,0.134,0.111,0.109,0.111,0.121,0.131,0.138,0.121,0.114,0.117,0.11,0.114,0.115,0.121,0.121,0.256,0.261,0.269,0.335,0.357,0.355,0.382,0.111,0.116,0.147,0.133,0.143,0.157,0.133,0.722,0.33,0.45,0.427,0.438,0.493,0.501
28.75,0.109,0.109,0.117,0.123,0.128,0.119,0.12,0.112,0.108,0.106,0.122,0.131,0.168,0.15,0.107,0.107,0.109,0.117,0.117,0.115,0.134,0.111,0.108,0.111,0.121,0.131,0.138,0.121,0.114,0.117,0.11,0.113,0.114,0.122,0.121,0.256,0.261,0.269,0.336,0.357,0.354,0.381,0.111,0.116,0.146,0.134,0.142,0.157,0.133,0.722,0.336,0.45,0.43,0.434,0.491,0.5
29,0.109,0.109,0.117,0.123,0.128,0.119,0.12,0.112,0.108,0.106,0.122,0.132,0.168,0.151,0.107,0.107,0.109,0.117,0.116,0.114,0.134,0.111,0.108,0.111,0.121,0.131,0.138,0.121,0.114,0.117,0.11,0.113,0.115,0.122,0.121,0.256,0.261,0.268,0.335,0.358,0.353,0.38,0.111,0.116,0.146,0.133,0.144,0.158,0.133,0.725,0.332,0.455,0.432,0.426,0.49,0.5
29.25,0.109,0.11,0.117,0.123,0.127,0.119,0.12,0.112,0.108,0.106,0.122,0.132,0.168,0.151,0.106,0.107,0.109,0.117,0.117,0.114,0.134,0.111,0.109,0.111,0.12,0.13,0.138,0.121,0.114,0.117,0.11,0.113,0.115,0.122,0.121,0.256,0.261,0.269,0.33,0.356,0.351,0.379,0.111,0.116,0.146,0.132,0.142,0.158,0.133,0.726,0.334,0.453,0.432,0.418,0.489,0.499
29.5,0.109,0.109,0.117,0.123,0.127,0.119,0.12,0.112,0.108,0.106,0.122,0.132,0.168,0.151,0.106,0.107,0.109,0.117,0.117,0.114,0.134,0.111,0.108,0.111,0.12,0.13,0.138,0.121,0.114,0.116,0.11,0.113,0.116,0.121,0.121,0.254,0.261,0.269,0.331,0.355,0.35,0.378,0.111,0.116,0.146,0.133,0.143,0.158,0.134,0.722,0.33,0.452,0.429,0.413,0.489,0.499
29.75,0.109,0.109,0.117,0.123,0.128,0.119,0.12,0.112,0.108,0.106,0.122,0.131,0.167,0.151,0.106,0.107,0.109,0.116,0.118,0.114,0.134,0.111,0.108,0.111,0.121,0.131,0.138,0.121,0.114,0.117,0.11,0.113,0.115,0.122,0.12,0.253,0.261,0.268,0.329,0.353,0.349,0.378,0.111,0.116,0.147,0.133,0.143,0.159,0.134,0.721,0.329,0.454,0.428,0.409,0.49,0.498
30,0.109,0.11,0.117,0.123,0.127,0.119,0.12,0.112,0.108,0.106,0.122,0.132,0.167,0.151,0.106,0.107,0.109,0.117,0.118,0.115,0.134,0.111,0.109,0.111,0.12,0.13,0.137,0.121,0.114,0.117,0.11,0.113,0.116,0.121,0.12,0.253,0.261,0.268,0.329,0.352,0.349,0.378,0.111,0.116,0.146,0.133,0.143,0.159,0.134,0.721,0.326,0.456,0.427,0.406,0.49,0.498
30.25,0.109,0.11,0.117,0.123,0.127,0.119,0.12,0.112,0.108,0.106,0.123,0.132,0.167,0.151,0.106,0.107,0.109,0.117,0.117,0.114,0.134,0.111,0.109,0.111,0.12,0.13,0.137,0.121,0.114,0.117,0.11,0.113,0.116,0.122,0.12,0.252,0.262,0.268,0.33,0.35,0.347,0.377,0.111,0.116,0.146,0.132,0.143,0.159,0.135,0.72,0.331,0.456,0.424,0.404,0.489,0.497
30.5,0.109,0.109,0.117,0.123,0.127,0.119,0.12,0.112,0.108,0.106,0.123,0.131,0.168,0.152,0.106,0.107,0.109,0.116,0.117,0.114,0.134,0.111,0.108,0.111,0.12,0.131,0.137,0.121,0.114,0.117,0.11,0.112,0.115,0.121,0.12,0.252,0.262,0.269,0.332,0.349,0.348,0.376,0.111,0.116,0.146,0.132,0.143,0.159,0.135,0.721,0.329,0.451,0.423,0.408,0.488,0.497
30.75,0.109,0.109,0.117,0.123,0.127,0.119,0.12,0.112,0.108,0.106,0.123,0.131,0.167,0.152,0.106,0.107,0.109,0.116,0.117,0.114,0.133,0.111,0.108,0.111,0.12,0.13,0.137,0.121,0.114,0.117,0.11,0.112,0.115,0.121,0.12,0.251,0.262,0.268,0.332,0.346,0.347,0.375,0.111,0.116,0.146,0.132,0.143,0.16,0.135,0.716,0.325,0.451,0.421,0.414,0.488,0.496
31,0.109,0.11,0.117,0.123,0.127,0.119,0.12,0.112,0.108,0.106,0.123,0.131,0.168,0.152,0.106,0.107,0.109,0.116,0.116,0.115,0.134,0.111,0.108,0.111,0.119,0.13,0.137,0.121,0.114,0.116,0.11,0.112,0.116,0.121,0.12,0.252,0.26,0.269,0.333,0.345,0.346,0.374,0.111,0.117,0.146,0.132,0.144,0.16,0.135,0.715,0.328,0.452,0.419,0.418,0.487,0.496
31.25,0.109,0.109,0.117,0.123,0.127,0.119,0.12,0.112,0.108,0.106,0.123,0.131,0.167,0.152,0.106,0.107,0.109,0.116,0.117,0.114,0.134,0.111,0.108,0.111,0.119,0.13,0.137,0.121,0.114,0.116,0.11,0.111,0.115,0.121,0.12,0.252,0.261,0.268,0.334,0.344,0.346,0.373,0.111,0.117,0.146,0.131,0.144,0.16,0.136,0.716,0.325,0.446,0.418,0.425,0.487,0.495
31.5,0.109,0.109,0.117,0.124,0.127,0.119,0.12,0.112,0.107,0.106,0.123,0.131,0.167,0.152,0.106,0.107,0.109,0.117,0.116,0.114,0.134,0.111,0.108,0.111,0.119,0.129,0.137,0.121,0.114,0.117,0.109,0.111,0.116,0.121,0.12,0.252,0.262,0.269,0.332,0.342,0.345,0.371,0.111,0.116,0.146,0.131,0.144,0.161,0.136,0.717,0.33,0.453,0.416,0.429,0.486,0.499
31.75,0.109,0.11,0.117,0.123,0.127,0.119,0.12,0.112,0.108,0.106,0.123,0.131,0.167,0.152,0.106,0.107,0.109,0.117,0.117,0.114,0.134,0.111,0.109,0.111,0.119,0.13,0.137,0.12,0.114,0.117,0.11,0.111,0.115,0.121,0.12,0.252,0.26,0.268,0.331,0.341,0.345,0.37,0.111,0.117,0.146,0.131,0.144,0.161,0.137,0.716,0.327,0.449,0.416,0.432,0.486,0.499
32,0.109,0.109,0.117,0.124,0.127,0.119,0.12,0.111,0.107,0.105,0.123,0.131,0.167,0.152,0.106,0.107,0.109,0.117,0.117,0.114,0.134,0.11,0.108,0.111,0.119,0.129,0.137,0.121,0.114,0.116,0.11,0.111,0.116,0.121,0.12,0.252,0.259,0.268,0.329,0.34,0.345,0.369,0.111,0.116,0.146,0.131,0.145,0.161,0.138,0.721,0.321,0.448,0.415,0.43,0.485,0.499
32.25,0.109,0.11,0.117,0.119,0.123,0.119,0.12,0.111,0.107,0.106,0.122,0.127,0.167,0.152,0.106,0.107,0.109,0.117,0.113,0.114,0.134,0.11,0.108,0.11,0.116,0.127,0.137,0.12,0.114,0.116,0.109,0.111,0.114,0.121,0.12,0.253,0.258,0.268,0.322,0.34,0.345,0.368,0.111,0.117,0.146,0.132,0.143,0.161,0.139,0.716,0.326,0.45,0.41,0.427,0.485,0.498
32.5,0.109,0.109,0.117,0.124,0.127,0.119,0.12,0.111,0.107,0.106,0.123,0.131,0.167,0.153,0.106,0.107,0.109,0.117,0.117,0.114,0.133,0.11,0.108,0.111,0.119,0.129,0.137,0.12,0.114,0.116,0.109,0.111,0.115,0.121,0.12,0.253,0.261,0.268,0.323,0.338,0.344,0.366,0.111,0.117,0.146,0.131,0.146,0.161,0.14,0.717,0.328,0.451,0.414,0.43,0.485,0.499
32.75,0.109,0.109,0.117,0.124,0.127,0.119,0.12,0.111,0.107,0.105,0.123,0.131,0.167,0.153,0.106,0.107,0.109,0.117,0.116,0.114,0.133,0.11,0.108,0.111,0.119,0.129,0.137,0.12,0.114,0.116,0.109,0.111,0.116,0.121,0.12,0.253,0.264,0.268,0.325,0.338,0.343,0.365,0.11,0.117,0.147,0.131,0.147,0.162,0.142,0.718,0.327,0.452,0.413,0.43,0.485,0.498
33,0.109,0.109,0.117,0.119,0.123,0.119,0.12,0.111,0.107,0.105,0.121,0.128,0.167,0.153,0.106,0.107,0.109,0.117,0.113,0.114,0.134,0.11,0.108,0.111,0.116,0.127,0.136,0.12,0.114,0.116,0.109,0.111,0.114,0.121,0.12,0.254,0.265,0.267,0.321,0.339,0.342,0.365,0.111,0.117,0.146,0.133,0.145,0.162,0.142,0.718,0.329,0.448,0.409,0.427,0.485,0.498
33.25,0.109,0.11,0.117,0.124,0.128,0.119,0.12,0.111,0.107,0.105,0.123,0.131,0.167,0.153,0.106,0.107,0.109,0.117,0.116,0.114,0.133,0.11,0.108,0.111,0.118,0.129,0.136,0.12,0.114,0.116,0.11,0.111,0.115,0.121,0.12,0.255,0.263,0.267,0.319,0.337,0.342,0.365,0.111,0.117,0.147,0.132,0.148,0.162,0.143,0.715,0.328,0.447,0.413,0.429,0.484,0.498
33.5,0.109,0.109,0.117,0.119,0.123,0.119,0.12,0.111,0.107,0.105,0.121,0.128,0.167,0.154,0.106,0.107,0.109,0.117,0.113,0.114,0.133,0.11,0.108,0.111,0.115,0.127,0.136,0.12,0.114,0.116,0.109,0.112,0.114,0.121,0.12,0.255,0.262,0.268,0.319,0.338,0.342,0.365,0.111,0.117,0.147,0.133,0.146,0.163,0.145,0.717,0.322,0.442,0.409,0.426,0.483,0.497
33.75,0.109,0.109,0.117,0.124,0.128,0.119,0.12,0.111,0.107,0.106,0.123,0.131,0.167,0.154,0.106,0.107,0.109,0.116,0.117,0.114,0.133,0.11,0.108,0.111,0.119,0.13,0.136,0.12,0.114,0.117,0.109,0.111,0.114,0.121,0.12,0.255,0.261,0.269,0.326,0.336,0.341,0.366,0.111,0.117,0.146,0.132,0.15,0.163,0.145,0.714,0.32,0.445,0.413,0.429,0.483,0.496
34,0.109,0.109,0.117,0.124,0.128,0.119,0.12,0.111,0.107,0.105,0.123,0.131,0.167,0.154,0.106,0.107,0.109,0.116,0.116,0.114,0.133,0.11,0.108,0.111,0.118,0.13,0.136,0.12,0.114,0.116,0.109,0.111,0.114,0.121,0.12,0.255,0.262,0.268,0.323,0.336,0.34,0.366,0.111,0.117,0.146,0.132,0.15,0.163,0.147,0.714,0.324,0.441,0.412,0.428,0.483,0.496
34.25,0.109,0.109,0.117,0.124,0.128,0.119,0.12,0.111,0.107,0.105,0.123,0.131,0.167,0.154,0.106,0.107,0.109,0.116,0.116,0.114,0.133,0.11,0.108,0.111,0.118,0.129,0.136,0.12,0.115,0.116,0.11,0.111,0.116,0.121,0.119,0.256,0.262,0.268,0.319,0.336,0.34,0.366,0.111,0.117,0.148,0.132,0.151,0.164,0.15,0.718,0.322,0.442,0.412,0.427,0.482,0.496
34.5,0.109,0.109,0.117,0.124,0.128,0.12,0.12,0.111,0.107,0.105,0.123,0.131,0.167,0.154,0.106,0.107,0.109,0.116,0.117,0.114,0.133,0.11,0.108,0.111,0.118,0.129,0.136,0.12,0.114,0.116,0.109,0.111,0.115,0.121,0.119,0.257,0.265,0.268,0.316,0.336,0.339,0.366,0.111,0.117,0.147,0.132,0.151,0.164,0.151,0.712,0.32,0.442,0.413,0.426,0.482,0.496
34.75,0.109,0.11,0.117,0.124,0.128,0.12,0.12,0.111,0.107,0.105,0.123,0.131,0.167,0.154,0.106,0.107,0.109,0.116,0.116,0.114,0.133,0.111,0.108,0.111,0.118,0.13,0.136,0.12,0.115,0.116,0.11,0.112,0.115,0.121,0.119,0.256,0.265,0.268,0.315,0.336,0.338,0.366,0.111,0.117,0.147,0.133,0.152,0.164,0.152,0.713,0.319,0.446,0.412,0.425,0.482,0.495
35,0.109,0.11,0.117,0.124,0.128,0.119,0.12,0.111,0.107,0.105,0.122,0.131,0.167,0.154,0.106,0.107,0.109,0.116,0.116,0.115,0.134,0.111,0.108,0.111,0.12,0.129,0.136,0.12,0.115,0.116,0.109,0.113,0.114,0.121,0.12,0.256,0.265,0.269,0.317,0.335,0.337,0.365,0.111,0.117,0.147,0.135,0.152,0.165,0.155,0.715,0.321,0.441,0.413,0.424,0.481,0.495
35.25,0.109,0.109,0.117,0.124,0.128,0.119,0.12,0.111,0.107,0.105,0.123,0.131,0.167,0.155,0.106,0.107,0.109,0.116,0.116,0.114,0.133,0.11,0.108,0.111,0.12,0.129,0.136,0.12,0.115,0.116,0.109,0.114,0.115,0.121,0.12,0.256,0.264,0.269,0.317,0.334,0.337,0.364,0.111,0.117,0.147,0.136,0.153,0.166,0.158,0.714,0.321,0.438,0.411,0.423,0.48,0.495
35.5,0.109,0.109,0.117,0.124,0.128,0.119,0.12,0.111,0.107,0.105,0.122,0.131,0.167,0.154,0.106,0.107,0.109,0.116,0.117,0.114,0.133,0.11,0.108,0.11,0.12,0.128,0.136,0.12,0.114,0.116,0.109,0.114,0.115,0.121,0.119,0.255,0.266,0.27,0.313,0.335,0.335,0.364,0.111,0.117,0.147,0.136,0.156,0.166,0.157,0.714,0.323,0.438,0.412,0.422,0.479,0.495
35.75,0.109,0.109,0.117,0.124,0.128,0.119,0.12,0.111,0.107,0.105,0.122,0.131,0.167,0.155,0.106,0.107,0.109,0.116,0.116,0.115,0.133,0.11,0.108,0.11,0.12,0.129,0.136,0.12,0.114,0.116,0.109,0.113,0.114,0.121,0.119,0.255,0.267,0.27,0.313,0.335,0.334,0.363,0.111,0.117,0.146,0.135,0.156,0.167,0.165,0.714,0.323,0.441,0.412,0.422,0.478,0.495
36,0.109,0.11,0.117,0.124,0.128,0.119,0.12,0.111,0.107,0.105,0.122,0.131,0.167,0.155,0.106,0.107,0.109,0.117,0.116,0.114,0.133,0.111,0.108,0.11,0.119,0.128,0.135,0.12,0.114,0.116,0.109,0.113,0.116,0.121,0.119,0.255,0.268,0.27,0.314,0.336,0.333,0.362,0.111,0.117,0.146,0.134,0.159,0.167,0.166,0.718,0.323,0.44,0.411,0.418,0.478,0.494
36.25,0.109,0.109,0.117,0.123,0.128,0.119,0.12,0.111,0.107,0.105,0.122,0.131,0.167,0.155,0.106,0.107,0.109,0.116,0.116,0.115,0.133,0.111,0.108,0.11,0.119,0.129,0.135,0.12,0.115,0.116,0.109,0.112,0.115,0.121,0.119,0.254,0.267,0.269,0.313,0.336,0.333,0.361,0.111,0.117,0.145,0.134,0.162,0.168,0.17,0.716,0.32,0.441,0.411,0.419,0.477,0.494
36.5,0.109,0.11,0.117,0.124,0.128,0.119,0.12,0.111,0.107,0.105,0.122,0.132,0.167,0.155,0.106,0.107,0.109,0.116,0.116,0.114,0.133,0.111,0.108,0.11,0.118,0.128,0.135,0.12,0.115,0.116,0.109,0.112,0.116,0.121,0.119,0.254,0.268,0.269,0.314,0.336,0.331,0.36,0.111,0.117,0.146,0.133,0.163,0.169,0.173,0.713,0.319,0.439,0.411,0.417,0.477,0.494
36.75,0.109,0.11,0.117,0.124,0.128,0.119,0.12,0.111,0.107,0.105,0.122,0.131,0.167,0.155,0.106,0.107,0.109,0.116,0.116,0.115,0.133,0.111,0.108,0.11,0.118,0.128,0.135,0.12,0.115,0.116,0.109,0.111,0.115,0.121,0.119,0.254,0.267,0.269,0.313,0.335,0.33,0.359,0.111,0.117,0.146,0.133,0.166,0.169,0.182,0.712,0.319,0.437,0.411,0.417,0.477,0.494
37,0.109,0.11,0.117,0.124,0.128,0.119,0.12,0.111,0.107,0.105,0.122,0.132,0.167,0.156,0.106,0.107,0.109,0.116,0.116,0.114,0.133,0.111,0.108,0.11,0.118,0.129,0.135,0.12,0.115,0.116,0.109,0.112,0.115,0.121,0.119,0.253,0.266,0.27,0.31,0.335,0.329,0.358,0.111,0.117,0.145,0.133,0.166,0.17,0.179,0.715,0.318,0.438,0.41,0.416,0.478,0.494
37.25,0.11,0.11,0.117,0.123,0.128,0.119,0.12,0.111,0.107,0.105,0.122,0.132,0.166,0.156,0.106,0.107,0.109,0.116,0.116,0.115,0.133,0.111,0.108,0.11,0.118,0.128,0.135,0.12,0.115,0.116,0.109,0.111,0.115,0.121,0.119,0.252,0.265,0.27,0.307,0.334,0.328,0.358,0.111,0.117,0.146,0.133,0.168,0.17,0.186,0.713,0.318,0.441,0.411,0.416,0.478,0.493
37.5,0.109,0.11,0.117,0.123,0.128,0.119,0.12,0.111,0.107,0.105,0.122,0.132,0.166,0.156,0.106,0.107,0.109,0.116,0.116,0.115,0.133,0.111,0.108,0.11,0.118,0.129,0.135,0.12,0.115,0.116,0.109,0.112,0.115,0.121,0.119,0.252,0.264,0.269,0.304,0.334,0.329,0.357,0.111,0.117,0.146,0.134,0.169,0.171,0.182,0.714,0.319,0.439,0.41,0.417,0.477,0.493
37.75,0.109,0.11,0.117,0.119,0.123,0.119,0.12,0.111,0.107,0.105,0.12,0.129,0.166,0.156,0.106,0.107,0.109,0.116,0.113,0.115,0.133,0.111,0.108,0.11,0.114,0.126,0.135,0.12,0.115,0.116,0.109,0.112,0.114,0.12,0.119,0.252,0.264,0.27,0.302,0.335,0.329,0.356,0.111,0.117,0.146,0.135,0.169,0.172,0.193,0.715,0.32,0.442,0.407,0.413,0.478,0.492
38,0.109,0.11,0.117,0.123,0.128,0.119,0.12,0.111,0.106,0.105,0.122,0.132,0.166,0.156,0.106,0.107,0.109,0.116,0.116,0.115,0.133,0.111,0.108,0.11,0.117,0.129,0.135,0.12,0.115,0.116,0.109,0.111,0.115,0.121,0.119,0.253,0.265,0.27,0.304,0.333,0.328,0.356,0.111,0.117,0.146,0.134,0.173,0.172,0.189,0.716,0.321,0.441,0.412,0.416,0.478,0.493
38.25,0.109,0.11,0.117,0.123,0.127,0.119,0.12,0.111,0.106,0.105,0.122,0.132,0.167,0.156,0.106,0.107,0.109,0.116,0.116,0.115,0.133,0.111,0.108,0.11,0.117,0.128,0.135,0.12,0.115,0.116,0.109,0.112,0.116,0.12,0.119,0.253,0.265,0.27,0.302,0.333,0.326,0.355,0.111,0.117,0.146,0.134,0.178,0.174,0.19,0.713,0.323,0.441,0.411,0.414,0.48,0.493
38.5,0.109,0.11,0.117,0.122,0.127,0.119,0.12,0.111,0.106,0.105,0.121,0.132,0.168,0.156,0.106,0.107,0.109,0.116,0.116,0.116,0.133,0.111,0.108,0.11,0.117,0.129,0.137,0.12,0.115,0.116,0.109,0.111,0.114,0.122,0.119,0.253,0.265,0.27,0.302,0.333,0.326,0.353,0.111,0.118,0.146,0.134,0.18,0.177,0.183,0.715,0.324,0.439,0.411,0.415,0.481,0.492
38.75,0.109,0.11,0.117,0.123,0.127,0.119,0.12,0.111,0.106,0.105,0.121,0.132,0.169,0.156,0.106,0.107,0.109,0.116,0.116,0.116,0.133,0.111,0.108,0.11,0.117,0.128,0.137,0.12,0.115,0.116,0.109,0.111,0.115,0.122,0.119,0.253,0.264,0.27,0.3,0.332,0.326,0.353,0.111,0.117,0.146,0.134,0.181,0.179,0.192,0.714,0.325,0.442,0.411,0.413,0.481,0.492
39,0.109,0.109,0.117,0.123,0.127,0.119,0.12,0.111,0.106,0.105,0.121,0.132,0.168,0.156,0.106,0.107,0.109,0.116,0.117,0.116,0.133,0.11,0.108,0.11,0.117,0.128,0.137,0.119,0.115,0.116,0.109,0.111,0.115,0.122,0.119,0.252,0.264,0.27,0.299,0.332,0.327,0.352,0.111,0.117,0.146,0.134,0.187,0.18,0.194,0.714,0.323,0.441,0.412,0.414,0.48,0.492
39.25,0.109,0.109,0.117,0.123,0.127,0.119,0.12,0.111,0.106,0.105,0.121,0.132,0.168,0.156,0.106,0.107,0.109,0.116,0.116,0.116,0.133,0.11,0.108,0.11,0.117,0.128,0.136,0.12,0.115,0.116,0.109,0.112,0.115,0.122,0.119,0.252,0.264,0.27,0.298,0.331,0.325,0.351,0.111,0.117,0.146,0.134,0.19,0.181,0.195,0.713,0.325,0.441,0.411,0.414,0.48,0.492
39.5,0.109,0.109,0.117,0.122,0.127,0.119,0.12,0.111,0.106,0.105,0.122,0.133,0.167,0.156,0.106,0.107,0.109,0.116,0.116,0.116,0.133,0.111,0.108,0.11,0.117,0.129,0.136,0.12,0.115,0.116,0.109,0.112,0.115,0.121,0.119,0.252,0.265,0.271,0.298,0.331,0.323,0.35,0.111,0.117,0.146,0.134,0.192,0.182,0.199,0.712,0.321,0.441,0.411,0.413,0.48,0.492
39.75,0.109,0.109,0.117,0.122,0.127,0.12,0.12,0.111,0.106,0.105,0.121,0.133,0.167,0.156,0.106,0.107,0.108,0.116,0.116,0.115,0.133,0.11,0.108,0.11,0.117,0.128,0.135,0.12,0.115,0.116,0.109,0.111,0.115,0.121,0.119,0.252,0.266,0.272,0.299,0.331,0.321,0.35,0.111,0.117,0.146,0.135,0.196,0.183,0.208,0.718,0.322,0.441,0.411,0.412,0.481,0.492
40,0.109,0.109,0.117,0.122,0.127,0.119,0.12,0.111,0.106,0.105,0.121,0.132,0.167,0.157,0.106,0.107,0.109,0.116,0.117,0.115,0.133,0.11,0.108,0.11,0.117,0.128,0.135,0.12,0.115,0.116,0.109,0.111,0.114,0.121,0.119,0.252,0.265,0.272,0.298,0.33,0.321,0.349,0.111,0.118,0.146,0.135,0.198,0.184,0.207,0.715,0.323,0.438,0.412,0.413,0.481,0.491
40.25,0.109,0.109,0.117,0.118,0.122,0.12,0.12,0.111,0.106,0.105,0.119,0.13,0.167,0.157,0.106,0.107,0.109,0.116,0.113,0.115,0.133,0.111,0.108,0.11,0.114,0.125,0.135,0.12,0.115,0.116,0.109,0.112,0.114,0.121,0.119,0.252,0.264,0.272,0.295,0.331,0.322,0.348,0.111,0.118,0.146,0.136,0.2,0.186,0.211,0.714,0.323,0.437,0.408,0.408,0.481,0.492
40.5,0.109,0.11,0.117,0.117,0.122,0.119,0.12,0.111,0.106,0.105,0.119,0.13,0.166,0.157,0.106,0.107,0.109,0.116,0.113,0.115,0.133,0.11,0.108,0.11,0.114,0.125,0.134,0.12,0.115,0.116,0.109,0.112,0.114,0.12,0.119,0.252,0.265,0.272,0.293,0.331,0.323,0.347,0.111,0.118,0.147,0.136,0.206,0.189,0.219,0.713,0.322,0.437,0.408,0.409,0.48,0.491
40.75,0.109,0.109,0.117,0.122,0.127,0.119,0.12,0.111,0.106,0.105,0.121,0.133,0.166,0.156,0.105,0.107,0.109,0.116,0.117,0.115,0.133,0.11,0.108,0.11,0.117,0.128,0.134,0.12,0.115,0.116,0.109,0.111,0.115,0.12,0.119,0.251,0.265,0.271,0.294,0.33,0.321,0.347,0.111,0.118,0.147,0.135,0.211,0.191,0.223,0.711,0.323,0.438,0.412,0.411,0.481,0.492
41,0.109,0.109,0.117,0.121,0.127,0.119,0.12,0.111,0.106,0.105,0.121,0.133,0.166,0.156,0.106,0.107,0.108,0.116,0.117,0.115,0.133,0.11,0.108,0.11,0.117,0.128,0.134,0.119,0.115,0.116,0.109,0.111,0.114,0.12,0.119,0.25,0.264,0.271,0.295,0.329,0.319,0.346,0.111,0.118,0.147,0.135,0.216,0.194,0.22,0.712,0.323,0.438,0.412,0.412,0.481,0.491
41.25,0.109,0.109,0.117,0.116,0.122,0.119,0.12,0.111,0.106,0.105,0.119,0.129,0.166,0.156,0.105,0.107,0.108,0.116,0.114,0.115,0.133,0.11,0.108,0.11,0.114,0.126,0.134,0.119,0.115,0.116,0.109,0.111,0.113,0.12,0.119,0.25,0.264,0.272,0.292,0.329,0.317,0.345,0.111,0.118,0.147,0.136,0.214,0.197,0.229,0.711,0.326,0.441,0.408,0.409,0.48,0.491
41.5,0.109,0.109,0.117,0.121,0.127,0.119,0.12,0.111,0.106,0.105,0.121,0.133,0.166,0.157,0.105,0.107,0.108,0.116,0.117,0.115,0.133,0.11,0.108,0.11,0.117,0.129,0.134,0.119,0.115,0.116,0.109,0.111,0.114,0.12,0.119,0.25,0.263,0.272,0.293,0.328,0.317,0.345,0.111,0.118,0.147,0.135,0.225,0.197,0.231,0.711,0.327,0.439,0.412,0.412,0.48,0.491
41.75,0.109,0.109,0.117,0.117,0.122,0.119,0.12,0.111,0.106,0.105,0.119,0.13,0.166,0.156,0.105,0.107,0.109,0.116,0.113,0.115,0.133,0.11,0.108,0.11,0.113,0.124,0.134,0.119,0.115,0.116,0.109,0.112,0.114,0.12,0.119,0.25,0.262,0.272,0.289,0.329,0.316,0.345,0.111,0.118,0.148,0.136,0.226,0.2,0.241,0.713,0.326,0.439,0.409,0.407,0.479,0.491
42,0.109,0.109,0.117,0.121,0.126,0.119,0.12,0.111,0.106,0.105,0.12,0.133,0.166,0.156,0.105,0.107,0.108,0.116,0.117,0.115,0.132,0.11,0.108,0.11,0.117,0.128,0.134,0.119,0.115,0.116,0.109,0.111,0.115,0.12,0.119,0.25,0.264,0.272,0.29,0.327,0.315,0.344,0.111,0.118,0.148,0.135,0.23,0.202,0.262,0.712,0.325,0.44,0.413,0.41,0.479,0.491
42.25,0.109,0.109,0.117,0.121,0.126,0.119,0.12,0.111,0.106,0.105,0.121,0.133,0.166,0.156,0.105,0.107,0.109,0.116,0.116,0.115,0.133,0.11,0.108,0.11,0.117,0.128,0.134,0.119,0.115,0.116,0.109,0.111,0.115,0.12,0.118,0.25,0.263,0.271,0.29,0.327,0.315,0.344,0.111,0.118,0.148,0.135,0.232,0.207,0.262,0.713,0.325,0.44,0.412,0.409,0.479,0.491
42.5,0.109,0.109,0.117,0.121,0.126,0.119,0.12,0.111,0.106,0.105,0.121,0.133,0.166,0.157,0.105,0.107,0.108,0.116,0.116,0.115,0.133,0.11,0.108,0.11,0.117,0.128,0.134,0.119,0.115,0.116,0.109,0.111,0.116,0.12,0.118,0.25,0.262,0.271,0.29,0.327,0.317,0.344,0.111,0.119,0.148,0.135,0.236,0.209,0.267,0.714,0.327,0.444,0.412,0.409,0.479,0.491
42.75,0.109,0.109,0.117,0.12,0.126,0.119,0.12,0.111,0.106,0.105,0.12,0.133,0.166,0.157,0.105,0.107,0.108,0.116,0.116,0.115,0.133,0.11,0.108,0.11,0.117,0.129,0.134,0.119,0.115,0.116,0.109,0.111,0.114,0.12,0.119,0.251,0.262,0.271,0.29,0.327,0.317,0.343,0.111,0.119,0.149,0.136,0.244,0.212,0.273,0.71,0.327,0.439,0.412,0.41,0.479,0.491
43,0.109,0.109,0.117,0.116,0.121,0.119,0.12,0.111,0.106,0.105,0.119,0.13,0.166,0.157,0.106,0.107,0.108,0.116,0.113,0.115,0.133,0.11,0.108,0.11,0.113,0.125,0.134,0.119,0.115,0.116,0.109,0.112,0.114,0.12,0.118,0.251,0.262,0.272,0.288,0.327,0.316,0.342,0.111,0.119,0.149,0.137,0.244,0.215,0.296,0.711,0.328,0.441,0.409,0.406,0.479,0.491
43.25,0.109,0.109,0.117,0.12,0.126,0.119,0.12,0.111,0.106,0.105,0.12,0.133,0.166,0.156,0.105,0.107,0.108,0.115,0.117,0.115,0.133,0.11,0.108,0.11,0.117,0.128,0.134,0.119,0.115,0.116,0.109,0.111,0.114,0.12,0.118,0.251,0.263,0.272,0.29,0.326,0.315,0.342,0.111,0.119,0.149,0.136,0.244,0.218,0.298,0.714,0.328,0.437,0.413,0.41,0.479,0.49
43.5,0.109,0.109,0.117,0.116,0.121,0.119,0.12,0.111,0.106,0.105,0.119,0.13,0.166,0.156,0.105,0.107,0.108,0.116,0.113,0.115,0.133,0.11,0.108,0.11,0.113,0.125,0.133,0.119,0.115,0.116,0.109,0.112,0.114,0.12,0.118,0.251,0.263,0.272,0.288,0.327,0.315,0.342,0.111,0.12,0.149,0.137,0.242,0.222,0.289,0.711,0.329,0.435,0.41,0.405,0.479,0.49
43.75,0.109,0.109,0.117,0.12,0.126,0.119,0.12,0.111,0.106,0.105,0.12,0.133,0.166,0.156,0.105,0.107,0.109,0.116,0.117,0.115,0.133,0.11,0.108,0.11,0.116,0.128,0.134,0.119,0.115,0.116,0.109,0.111,0.115,0.12,0.118,0.251,0.264,0.273,0.288,0.324,0.315,0.341,0.111,0.12,0.15,0.136,0.248,0.221,0.307,0.711,0.329,0.437,0.413,0.408,0.479,0.49
44,0.109,0.11,0.117,0.12,0.126,0.119,0.12,0.111,0.106,0.105,0.12,0.133,0.166,0.156,0.105,0.107,0.109,0.116,0.117,0.115,0.132,0.11,0.108,0.11,0.116,0.128,0.133,0.119,0.115,0.116,0.109,0.111,0.115,0.12,0.118,0.251,0.265,0.272,0.288,0.325,0.315,0.341,0.111,0.12,0.15,0.136,0.25,0.231,0.3,0.712,0.33,0.434,0.414,0.408,0.479,0.49
44.25,0.109,0.11,0.117,0.12,0.126,0.119,0.12,0.111,0.106,0.105,0.12,0.133,0.166,0.156,0.105,0.107,0.109,0.115,0.117,0.115,0.132,0.11,0.108,0.11,0.117,0.128,0.133,0.119,0.115,0.116,0.109,0.111,0.115,0.12,0.118,0.251,0.264,0.271,0.287,0.324,0.314,0.34,0.111,0.121,0.151,0.136,0.252,0.228,0.291,0.713,0.331,0.435,0.414,0.408,0.479,0.49
44.5,0.11,0.11,0.117,0.116,0.121,0.119,0.12,0.111,0.106,0.105,0.118,0.13,0.166,0.156,0.105,0.107,0.108,0.116,0.113,0.115,0.132,0.11,0.108,0.11,0.113,0.124,0.133,0.119,0.115,0.116,0.109,0.112,0.114,0.12,0.118,0.25,0.264,0.272,0.284,0.326,0.313,0.34,0.111,0.121,0.151,0.137,0.261,0.232,0.302,0.71,0.332,0.435,0.41,0.404,0.48,0.49
44.75,0.109,0.11,0.117,0.119,0.126,0.119,0.12,0.111,0.106,0.105,0.12,0.133,0.166,0.156,0.105,0.107,0.108,0.115,0.117,0.115,0.132,0.11,0.108,0.11,0.117,0.128,0.133,0.119,0.115,0.116,0.109,0.111,0.114,0.12,0.118,0.25,0.263,0.271,0.285,0.324,0.312,0.34,0.111,0.121,0.152,0.136,0.264,0.231,0.311,0.712,0.333,0.435,0.414,0.408,0.481,0.491
45,0.109,0.11,0.117,0.115,0.121,0.119,0.12,0.111,0.106,0.105,0.118,0.13,0.166,0.156,0.105,0.107,0.108,0.116,0.113,0.114,0.132,0.11,0.108,0.11,0.113,0.124,0.133,0.119,0.115,0.116,0.109,0.112,0.114,0.12,0.118,0.25,0.262,0.27,0.282,0.324,0.312,0.339,0.111,0.121,0.153,0.137,0.261,0.239,0.315,0.71,0.333,0.436,0.41,0.404,0.481,0.491
45.25,0.109,0.11,0.117,0.119,0.125,0.119,0.12,0.111,0.106,0.105,0.12,0.133,0.166,0.156,0.105,0.107,0.109,0.115,0.117,0.114,0.132,0.11,0.108,0.11,0.117,0.128,0.133,0.119,0.115,0.116,0.109,0.111,0.114,0.12,0.118,0.25,0.263,0.27,0.284,0.323,0.312,0.339,0.111,0.121,0.154,0.136,0.269,0.239,0.321,0.71,0.334,0.437,0.414,0.408,0.481,0.49
45.5,0.11,0.11,0.117,0.115,0.12,0.119,0.12,0.111,0.106,0.105,0.118,0.129,0.166,0.156,0.105,0.107,0.108,0.116,0.114,0.115,0.132,0.11,0.108,0.11,0.114,0.124,0.133,0.119,0.116,0.116,0.109,0.111,0.113,0.12,0.118,0.249,0.263,0.27,0.283,0.324,0.311,0.339,0.111,0.121,0.154,0.138,0.269,0.244,0.314,0.71,0.335,0.437,0.411,0.405,0.482,0.49
45.75,0.109,0.109,0.116,0.12,0.125,0.119,0.12,0.111,0.106,0.105,0.12,0.133,0.166,0.156,0.105,0.107,0.108,0.116,0.117,0.115,0.132,0.11,0.108,0.11,0.117,0.127,0.133,0.119,0.115,0.116,0.109,0.111,0.115,0.12,0.118,0.249,0.263,0.27,0.284,0.322,0.31,0.338,0.111,0.121,0.155,0.136,0.279,0.242,0.308,0.711,0.336,0.435,0.414,0.407,0.482,0.49
46,0.109,0.109,0.117,0.12,0.125,0.119,0.12,0.111,0.106,0.105,0.12,0.133,0.166,0.156,0.105,0.107,0.108,0.116,0.117,0.114,0.132,0.11,0.108,0.11,0.117,0.128,0.133,0.119,0.115,0.116,0.109,0.111,0.114,0.12,0.118,0.249,0.264,0.27,0.284,0.322,0.309,0.338,0.111,0.121,0.157,0.136,0.272,0.24,0.309,0.713,0.337,0.434,0.415,0.407,0.481,0.49
46.25,0.109,0.109,0.116,0.119,0.125,0.119,0.12,0.111,0.106,0.105,0.12,0.133,0.166,0.157,0.105,0.107,0.108,0.115,0.117,0.114,0.132,0.11,0.108,0.11,0.117,0.128,0.133,0.119,0.116,0.116,0.109,0.111,0.114,0.12,0.118,0.249,0.263,0.27,0.283,0.322,0.31,0.338,0.111,0.121,0.157,0.137,0.278,0.242,0.299,0.712,0.337,0.434,0.414,0.407,0.482,0.49
46.5,0.109,0.109,0.117,0.115,0.12,0.119,0.12,0.11,0.106,0.105,0.118,0.13,0.166,0.157,0.105,0.107,0.108,0.116,0.113,0.114,0.132,0.11,0.108,0.11,0.113,0.124,0.133,0.119,0.116,0.116,0.109,0.111,0.114,0.12,0.118,0.249,0.262,0.27,0.28,0.323,0.31,0.338,0.111,0.121,0.159,0.138,0.271,0.243,0.296,0.713,0.339,0.436,0.411,0.403,0.482,0.49
46.75,0.109,0.109,0.117,0.119,0.125,0.119,0.12,0.111,0.106,0.105,0.12,0.133,0.166,0.156,0.105,0.107,0.108,0.116,0.117,0.114,0.132,0.111,0.108,0.11,0.117,0.127,0.133,0.119,0.116,0.116,0.109,0.111,0.115,0.12,0.118,0.249,0.262,0.27,0.28,0.322,0.309,0.338,0.112,0.121,0.161,0.136,0.272,0.242,0.295,0.71,0.34,0.438,0.415,0.406,0.482,0.49
47,0.109,0.109,0.117,0.12,0.125,0.119,0.12,0.111,0.106,0.105,0.12,0.133,0.166,0.156,0.105,0.107,0.108,0.116,0.117,0.114,0.132,0.111,0.108,0.11,0.117,0.128,0.133,0.119,0.116,0.116,0.109,0.111,0.115,0.12,0.118,0.25,0.262,0.27,0.279,0.321,0.309,0.338,0.112,0.122,0.162,0.137,0.28,0.242,0.299,0.71,0.341,0.436,0.415,0.406,0.483,0.49
47.25,0.109,0.109,0.116,0.119,0.125,0.119,0.12,0.111,0.106,0.105,0.12,0.133,0.166,0.156,0.105,0.107,0.108,0.116,0.117,0.114,0.132,0.111,0.108,0.11,0.117,0.127,0.133,0.119,0.116,0.116,0.109,0.111,0.115,0.12,0.118,0.249,0.263,0.27,0.281,0.321,0.31,0.337,0.112,0.123,0.165,0.137,0.282,0.242,0.306,0.708,0.341,0.435,0.415,0.406,0.482,0.49
47.5,0.109,0.109,0.117,0.119,0.125,0.119,0.12,0.111,0.106,0.105,0.12,0.133,0.166,0.157,0.105,0.107,0.108,0.116,0.118,0.115,0.132,0.111,0.108,0.11,0.116,0.127,0.133,0.119,0.116,0.116,0.109,0.111,0.115,0.12,0.118,0.249,0.263,0.269,0.283,0.321,0.309,0.336,0.112,0.125,0.166,0.137,0.286,0.245,0.308,0.708,0.34,0.433,0.416,0.406,0.482,0.49
47.75,0.109,0.109,0.117,0.119,0.125,0.119,0.12,0.11,0.106,0.105,0.12,0.132,0.166,0.156,0.105,0.107,0.109,0.116,0.117,0.114,0.132,0.11,0.108,0.11,0.117,0.128,0.133,0.119,0.116,0.115,0.109,0.111,0.114,0.12,0.117,0.248,0.263,0.27,0.283,0.32,0.309,0.335,0.113,0.127,0.166,0.137,0.291,0.242,0.316,0.712,0.34,0.433,0.416,0.407,0.483,0.49
48,0.109,0.109,0.117,0.114,0.119,0.119,0.12,0.11,0.106,0.105,0.118,0.129,0.166,0.156,0.105,0.107,0.108,0.116,0.114,0.114,0.132,0.11,0.108,0.11,0.113,0.124,0.133,0.119,0.116,0.116,0.109,0.111,0.114,0.119,0.118,0.248,0.263,0.269,0.28,0.321,0.309,0.335,0.113,0.13,0.169,0.138,0.287,0.241,0.324,0.71,0.341,0.431,0.412,0.403,0.484,0.49
48.25,0.109,0.109,0.117,0.114,0.12,0.119,0.12,0.11,0.106,0.105,0.118,0.129,0.166,0.156,0.105,0.107,0.108,0.116,0.113,0.115,0.132,0.11,0.108,0.11,0.114,0.124,0.133,0.118,0.116,0.116,0.109,0.112,0.113,0.12,0.118,0.248,0.263,0.27,0.28,0.321,0.309,0.334,0.113,0.132,0.171,0.138,0.288,0.243,0.328,0.707,0.342,0.433,0.411,0.403,0.484,0.49
48.5,0.109,0.109,0.117,0.118,0.125,0.119,0.12,0.11,0.106,0.105,0.12,0.132,0.166,0.156,0.105,0.107,0.108,0.115,0.117,0.115,0.132,0.111,0.108,0.11,0.117,0.128,0.133,0.119,0.116,0.115,0.109,0.111,0.114,0.119,0.117,0.248,0.264,0.27,0.281,0.319,0.308,0.334,0.114,0.134,0.172,0.137,0.292,0.243,0.331,0.707,0.343,0.434,0.415,0.407,0.485,0.49
48.75,0.109,0.109,0.117,0.114,0.119,0.119,0.12,0.11,0.106,0.105,0.118,0.129,0.166,0.156,0.105,0.107,0.108,0.116,0.113,0.115,0.132,0.11,0.108,0.11,0.113,0.125,0.133,0.118,0.116,0.116,0.109,0.112,0.113,0.119,0.118,0.249,0.263,0.271,0.279,0.32,0.307,0.334,0.115,0.135,0.171,0.139,0.291,0.244,0.331,0.707,0.345,0.434,0.411,0.403,0.484,0.49
49,0.109,0.109,0.117,0.118,0.124,0.119,0.12,0.11,0.106,0.105,0.12,0.132,0.166,0.156,0.105,0.107,0.108,0.115,0.116,0.114,0.132,0.11,0.108,0.11,0.117,0.128,0.133,0.119,0.116,0.116,0.109,0.111,0.114,0.119,0.117,0.249,0.263,0.271,0.281,0.319,0.307,0.334,0.116,0.141,0.174,0.138,0.295,0.243,0.332,0.706,0.344,0.434,0.415,0.406,0.484,0.49
49.25,0.109,0.109,0.117,0.114,0.119,0.119,0.12,0.11,0.106,0.105,0.118,0.129,0.166,0.157,0.105,0.107,0.108,0.116,0.113,0.115,0.132,0.11,0.108,0.11,0.113,0.123,0.133,0.119,0.116,0.116,0.109,0.111,0.114,0.12,0.118,0.249,0.263,0.271,0.279,0.32,0.307,0.334,0.117,0.139,0.178,0.139,0.289,0.244,0.332,0.706,0.343,0.433,0.412,0.402,0.485,0.49
49.5,0.109,0.109,0.116,0.119,0.124,0.119,0.12,0.11,0.106,0.105,0.12,0.132,0.166,0.156,0.105,0.107,0.108,0.116,0.117,0.115,0.133,0.11,0.108,0.11,0.116,0.127,0.133,0.119,0.116,0.115,0.109,0.111,0.115,0.12,0.118,0.249,0.265,0.271,0.279,0.317,0.307,0.333,0.117,0.143,0.177,0.138,0.294,0.246,0.332,0.706,0.343,0.432,0.415,0.405,0.485,0.49
49.75,0.109,0.109,0.116,0.118,0.124,0.119,0.12,0.11,0.106,0.105,0.12,0.132,0.166,0.156,0.105,0.107,0.108,0.116,0.117,0.115,0.132,0.11,0.108,0.11,0.116,0.127,0.133,0.119,0.116,0.115,0.109,0.111,0.115,0.12,0.118,0.249,0.264,0.27,0.279,0.317,0.307,0.334,0.12,0.143,0.179,0.138,0.302,0.249,0.332,0.707,0.342,0.432,0.415,0.405,0.485,0.49
50,0.109,0.109,0.117,0.118,0.124,0.119,0.12,0.11,0.106,0.105,0.12,0.132,0.166,0.156,0.105,0.107,0.108,0.116,0.117,0.115,0.132,0.11,0.108,0.11,0.117,0.127,0.133,0.118,0.116,0.115,0.109,0.111,0.114,0.12,0.118,0.249,0.263,0.27,0.277,0.316,0.307,0.334,0.119,0.148,0.184,0.138,0.308,0.249,0.332,0.706,0.342,0.431,0.416,0.406,0.484,0.49
50.25,0.109,0.109,0.116,0.114,0.119,0.119,0.12,0.11,0.106,0.105,0.118,0.128,0.166,0.156,0.105,0.107,0.108,0.116,0.114,0.115,0.132,0.11,0.108,0.11,0.113,0.124,0.133,0.118,0.117,0.115,0.109,0.111,0.113,0.12,0.117,0.249,0.262,0.271,0.272,0.318,0.306,0.334,0.123,0.153,0.187,0.139,0.307,0.248,0.333,0.706,0.343,0.431,0.413,0.403,0.484,0.49
50.5,0.109,0.109,0.116,0.118,0.123,0.119,0.12,0.11,0.106,0.105,0.12,0.132,0.166,0.156,0.105,0.107,0.108,0.116,0.117,0.114,0.132,0.11,0.108,0.11,0.116,0.126,0.132,0.118,0.117,0.115,0.109,0.111,0.115,0.119,0.117,0.249,0.261,0.27,0.273,0.316,0.305,0.334,0.127,0.154,0.192,0.138,0.314,0.25,0.334,0.706,0.342,0.431,0.416,0.404,0.484,0.49
50.75,0.109,0.109,0.116,0.118,0.123,0.12,0.12,0.11,0.106,0.105,0.12,0.132,0.166,0.156,0.105,0.107,0.108,0.116,0.117,0.114,0.132,0.11,0.108,0.11,0.116,0.127,0.133,0.119,0.117,0.115,0.109,0.111,0.115,0.119,0.118,0.249,0.263,0.27,0.277,0.316,0.304,0.334,0.131,0.153,0.193,0.138,0.316,0.251,0.338,0.706,0.344,0.43,0.416,0.404,0.484,0.49
51,0.109,0.109,0.116,0.118,0.123,0.119,0.12,0.11,0.106,0.105,0.12,0.132,0.166,0.156,0.105,0.107,0.108,0.116,0.117,0.115,0.132,0.11,0.108,0.11,0.116,0.127,0.133,0.118,0.117,0.115,0.109,0.111,0.115,0.12,0.118,0.249,0.263,0.269,0.282,0.316,0.305,0.334,0.131,0.161,0.198,0.138,0.319,0.253,0.343,0.706,0.345,0.432,0.416,0.404,0.486,0.49
51.25,0.109,0.109,0.117,0.118,0.124,0.119,0.12,0.11,0.106,0.105,0.12,0.131,0.167,0.156,0.105,0.107,0.108,0.116,0.117,0.116,0.132,0.11,0.108,0.11,0.117,0.127,0.134,0.118,0.117,0.115,0.109,0.111,0.114,0.121,0.117,0.25,0.264,0.269,0.284,0.316,0.304,0.334,0.136,0.162,0.201,0.138,0.32,0.254,0.35,0.706,0.345,0.432,0.417,0.406,0.485,0.489
51.5,0.109,0.109,0.116,0.118,0.124,0.119,0.12,0.11,0.105,0.105,0.12,0.132,0.168,0.156,0.105,0.107,0.108,0.116,0.117,0.117,0.132,0.11,0.108,0.11,0.117,0.127,0.135,0.118,0.117,0.116,0.109,0.111,0.115,0.121,0.117,0.249,0.263,0.27,0.284,0.316,0.305,0.333,0.138,0.166,0.203,0.138,0.316,0.257,0.358,0.705,0.346,0.432,0.416,0.404,0.482,0.489
51.75,0.109,0.109,0.116,0.118,0.123,0.119,0.12,0.11,0.106,0.105,0.12,0.132,0.169,0.156,0.105,0.107,0.108,0.116,0.117,0.117,0.132,0.11,0.108,0.11,0.116,0.126,0.135,0.118,0.117,0.115,0.109,0.111,0.115,0.122,0.117,0.249,0.262,0.271,0.283,0.315,0.306,0.333,0.14,0.172,0.208,0.138,0.314,0.261,0.361,0.703,0.345,0.432,0.417,0.405,0.482,0.488
52,0.109,0.109,0.116,0.118,0.124,0.12,0.12,0.11,0.105,0.105,0.12,0.132,0.168,0.156,0.105,0.107,0.108,0.116,0.116,0.116,0.132,0.11,0.108,0.11,0.117,0.127,0.135,0.118,0.117,0.115,0.109,0.112,0.115,0.121,0.117,0.248,0.262,0.271,0.281,0.315,0.305,0.333,0.142,0.176,0.211,0.138,0.316,0.265,0.363,0.703,0.342,0.432,0.416,0.404,0.483,0.489
52.25,0.109,0.109,0.116,0.118,0.123,0.12,0.12,0.11,0.105,0.105,0.12,0.132,0.168,0.156,0.105,0.107,0.108,0.116,0.117,0.116,0.132,0.11,0.108,0.11,0.116,0.126,0.134,0.118,0.117,0.115,0.108,0.111,0.115,0.121,0.117,0.248,0.262,0.271,0.278,0.314,0.304,0.333,0.142,0.177,0.22,0.138,0.32,0.266,0.364,0.703,0.343,0.431,0.417,0.404,0.484,0.488
52.5,0.109,0.109,0.116,0.118,0.123,0.12,0.12,0.11,0.106,0.105,0.12,0.131,0.167,0.156,0.105,0.107,0.108,0.116,0.116,0.116,0.132,0.11,0.108,0.11,0.117,0.127,0.134,0.118,0.117,0.115,0.109,0.111,0.115,0.12,0.117,0.248,0.263,0.272,0.276,0.314,0.303,0.332,0.148,0.184,0.232,0.139,0.324,0.263,0.366,0.705,0.342,0.43,0.417,0.404,0.484,0.488
52.75,0.109,0.109,0.116,0.118,0.123,0.119,0.12,0.11,0.105,0.105,0.12,0.131,0.167,0.156,0.105,0.107,0.108,0.116,0.116,0.115,0.132,0.111,0.108,0.11,0.117,0.127,0.133,0.118,0.117,0.115,0.109,0.112,0.115,0.12,0.117,0.248,0.263,0.272,0.274,0.314,0.301,0.332,0.153,0.187,0.238,0.139,0.33,0.265,0.368,0.705,0.343,0.432,0.417,0.404,0.483,0.488
53,0.109,0.109,0.116,0.118,0.123,0.12,0.12,0.11,0.106,0.105,0.12,0.131,0.167,0.156,0.105,0.107,0.108,0.116,0.116,0.115,0.131,0.11,0.108,0.11,0.117,0.127,0.133,0.117,0.117,0.115,0.109,0.112,0.115,0.12,0.116,0.248,0.262,0.272,0.274,0.313,0.3,0.334,0.156,0.187,0.255,0.139,0.333,0.274,0.371,0.704,0.343,0.431,0.417,0.403,0.483,0.49
53.25,0.109,0.109,0.116,0.118,0.123,0.119,0.12,0.11,0.105,0.105,0.12,0.131,0.167,0.157,0.105,0.107,0.108,0.116,0.116,0.116,0.134,0.11,0.108,0.11,0.117,0.127,0.134,0.119,0.117,0.115,0.108,0.112,0.114,0.121,0.119,0.247,0.262,0.271,0.278,0.313,0.3,0.333,0.156,0.199,0.267,0.139,0.337,0.282,0.372,0.702,0.344,0.431,0.417,0.404,0.479,0.485
53.5,0.109,0.109,0.116,0.118,0.123,0.119,0.119,0.11,0.105,0.105,0.12,0.131,0.167,0.157,0.105,0.107,0.108,0.116,0.116,0.116,0.133,0.11,0.108,0.11,0.117,0.127,0.134,0.119,0.117,0.115,0.109,0.111,0.114,0.121,0.119,0.247,0.262,0.271,0.282,0.313,0.302,0.334,0.16,0.202,0.258,0.139,0.341,0.288,0.374,0.703,0.344,0.43,0.417,0.404,0.477,0.485
53.75,0.109,0.109,0.116,0.118,0.123,0.119,0.119,0.11,0.105,0.105,0.12,0.131,0.167,0.157,0.105,0.107,0.108,0.116,0.116,0.115,0.133,0.11,0.108,0.11,0.117,0.127,0.134,0.119,0.117,0.115,0.109,0.112,0.114,0.121,0.118,0.247,0.262,0.272,0.283,0.313,0.301,0.334,0.165,0.202,0.269,0.139,0.343,0.294,0.375,0.704,0.342,0.43,0.417,0.404,0.478,0.485
54,0.109,0.109,0.116,0.118,0.123,0.119,0.12,0.11,0.105,0.105,0.12,0.131,0.166,0.157,0.105,0.107,0.108,0.116,0.116,0.115,0.133,0.11,0.108,0.11,0.117,0.127,0.133,0.119,0.117,0.115,0.109,0.112,0.114,0.12,0.119,0.248,0.263,0.272,0.28,0.313,0.299,0.334,0.169,0.206,0.289,0.139,0.349,0.298,0.377,0.704,0.343,0.43,0.417,0.404,0.48,0.485
54.25,0.109,0.109,0.116,0.118,0.123,0.119,0.12,0.11,0.105,0.105,0.119,0.131,0.166,0.157,0.105,0.107,0.108,0.116,0.117,0.115,0.134,0.11,0.108,0.11,0.117,0.127,0.133,0.119,0.117,0.115,0.109,0.111,0.113,0.12,0.119,0.248,0.263,0.271,0.276,0.313,0.301,0.334,0.171,0.213,0.287,0.139,0.358,0.3,0.377,0.703,0.343,0.431,0.418,0.404,0.478,0.485
54.5,0.109,0.109,0.116,0.118,0.123,0.119,0.12,0.11,0.105,0.105,0.12,0.131,0.167,0.157,0.105,0.107,0.108,0.116,0.116,0.116,0.133,0.11,0.108,0.11,0.117,0.127,0.133,0.118,0.117,0.115,0.108,0.112,0.114,0.12,0.118,0.248,0.263,0.27,0.272,0.313,0.3,0.334,0.176,0.218,0.299,0.139,0.37,0.304,0.378,0.702,0.342,0.431,0.418,0.403,0.476,0.485
54.75,0.109,0.109,0.116,0.118,0.123,0.119,0.119,0.11,0.105,0.105,0.119,0.131,0.168,0.157,0.105,0.107,0.108,0.116,0.117,0.116,0.133,0.11,0.108,0.11,0.117,0.126,0.134,0.118,0.117,0.115,0.109,0.111,0.114,0.121,0.117,0.248,0.264,0.271,0.272,0.313,0.297,0.332,0.179,0.225,0.307,0.14,0.372,0.311,0.378,0.701,0.344,0.431,0.419,0.403,0.474,0.483
55,0.109,0.109,0.116,0.118,0.123,0.119,0.119,0.11,0.105,0.105,0.119,0.131,0.168,0.157,0.105,0.107,0.108,0.116,0.117,0.116,0.133,0.11,0.108,0.11,0.116,0.126,0.134,0.118,0.117,0.115,0.109,0.111,0.115,0.121,0.117,0.248,0.264,0.271,0.275,0.313,0.298,0.331,0.172,0.225,0.312,0.14,0.374,0.311,0.379,0.702,0.344,0.43,0.419,0.402,0.473,0.482
55.25,0.109,0.109,0.116,0.118,0.123,0.119,0.119,0.11,0.105,0.105,0.12,0.131,0.168,0.157,0.105,0.107,0.108,0.116,0.116,0.116,0.133,0.111,0.108,0.11,0.117,0.127,0.134,0.117,0.117,0.115,0.109,0.112,0.114,0.121,0.117,0.248,0.264,0.272,0.277,0.313,0.298,0.331,0.183,0.237,0.311,0.14,0.377,0.307,0.379,0.704,0.343,0.429,0.419,0.402,0.474,0.481
55.5,0.109,0.109,0.116,0.118,0.123,0.119,0.12,0.11,0.105,0.105,0.119,0.131,0.168,0.157,0.105,0.107,0.108,0.116,0.116,0.116,0.133,0.11,0.108,0.11,0.117,0.127,0.134,0.118,0.117,0.115,0.108,0.112,0.114,0.121,0.117,0.248,0.263,0.271,0.276,0.312,0.294,0.331,0.183,0.234,0.31,0.14,0.378,0.307,0.379,0.703,0.341,0.428,0.418,0.402,0.473,0.481
55.75,0.109,0.109,0.116,0.117,0.123,0.119,0.12,0.11,0.105,0.105,0.119,0.13,0.167,0.157,0.105,0.107,0.108,0.116,0.117,0.116,0.133,0.11,0.108,0.11,0.117,0.127,0.133,0.118,0.117,0.115,0.108,0.111,0.113,0.12,0.117,0.248,0.263,0.272,0.274,0.313,0.294,0.331,0.183,0.239,0.313,0.14,0.38,0.31,0.38,0.703,0.339,0.43,0.419,0.402,0.472,0.481
56,0.109,0.109,0.116,0.117,0.122,0.12,0.12,0.11,0.105,0.105,0.119,0.13,0.167,0.157,0.105,0.107,0.108,0.116,0.117,0.115,0.133,0.11,0.108,0.11,0.117,0.126,0.133,0.118,0.117,0.115,0.109,0.111,0.114,0.12,0.117,0.248,0.263,0.272,0.271,0.313,0.294,0.33,0.196,0.241,0.312,0.14,0.381,0.313,0.381,0.703,0.339,0.428,0.419,0.402,0.471,0.48
56.25,0.109,0.109,0.116,0.118,0.123,0.119,0.12,0.11,0.105,0.105,0.119,0.13,0.166,0.157,0.105,0.107,0.108,0.116,0.116,0.115,0.133,0.11,0.108,0.11,0.116,0.126,0.133,0.118,0.117,0.115,0.109,0.112,0.114,0.119,0.117,0.248,0.263,0.272,0.269,0.313,0.292,0.331,0.188,0.241,0.321,0.14,0.383,0.313,0.381,0.703,0.342,0.428,0.419,0.401,0.472,0.479
56.5,0.109,0.109,0.116,0.117,0.122,0.119,0.12,0.11,0.105,0.105,0.119,0.13,0.166,0.157,0.105,0.107,0.108,0.116,0.116,0.115,0.133,0.11,0.108,0.11,0.116,0.126,0.133,0.118,0.117,0.115,0.109,0.112,0.114,0.119,0.117,0.248,0.262,0.271,0.273,0.313,0.293,0.331,0.195,0.252,0.321,0.14,0.384,0.312,0.382,0.704,0.343,0.427,0.419,0.4,0.471,0.478
56.75,0.109,0.109,0.116,0.117,0.122,0.119,0.12,0.11,0.105,0.105,0.119,0.13,0.166,0.156,0.105,0.107,0.108,0.116,0.117,0.115,0.133,0.11,0.107,0.109,0.116,0.126,0.132,0.118,0.117,0.115,0.108,0.111,0.114,0.119,0.117,0.247,0.261,0.27,0.275,0.313,0.294,0.331,0.197,0.255,0.322,0.14,0.385,0.312,0.381,0.701,0.342,0.429,0.42,0.399,0.47,0.478
57,0.109,0.109,0.116,0.117,0.122,0.119,0.12,0.11,0.105,0.105,0.119,0.13,0.166,0.156,0.105,0.107,0.108,0.116,0.116,0.115,0.133,0.11,0.107,0.11,0.117,0.127,0.132,0.118,0.118,0.115,0.109,0.111,0.114,0.119,0.117,0.247,0.261,0.271,0.277,0.313,0.293,0.331,0.187,0.253,0.327,0.141,0.385,0.313,0.382,0.7,0.342,0.43,0.42,0.399,0.47,0.477
57.25,0.109,0.109,0.116,0.118,0.122,0.119,0.12,0.11,0.105,0.105,0.119,0.13,0.166,0.156,0.105,0.107,0.108,0.116,0.116,0.115,0.133,0.11,0.108,0.11,0.116,0.126,0.132,0.118,0.118,0.115,0.108,0.111,0.114,0.119,0.117,0.248,0.262,0.271,0.277,0.313,0.294,0.331,0.2,0.261,0.33,0.141,0.386,0.315,0.382,0.701,0.343,0.43,0.42,0.397,0.469,0.477
57.5,0.109,0.109,0.116,0.117,0.122,0.119,0.12,0.11,0.105,0.105,0.119,0.13,0.166,0.156,0.105,0.107,0.108,0.116,0.117,0.115,0.133,0.11,0.108,0.11,0.116,0.126,0.132,0.118,0.118,0.115,0.109,0.111,0.114,0.119,0.117,0.248,0.263,0.272,0.276,0.313,0.294,0.331,0.204,0.259,0.335,0.141,0.387,0.317,0.382,0.702,0.343,0.429,0.421,0.398,0.469,0.476
57.75,0.109,0.109,0.116,0.117,0.122,0.119,0.12,0.11,0.105,0.105,0.119,0.13,0.166,0.156,0.105,0.107,0.108,0.116,0.116,0.115,0.133,0.11,0.108,0.11,0.116,0.126,0.132,0.118,0.118,0.115,0.109,0.111,0.114,0.119,0.117,0.248,0.264,0.271,0.275,0.313,0.292,0.331,0.207,0.259,0.335,0.141,0.388,0.32,0.382,0.702,0.344,0.427,0.42,0.396,0.469,0.476
58,0.109,0.109,0.116,0.117,0.122,0.119,0.12,0.11,0.105,0.105,0.119,0.13,0.166,0.156,0.105,0.107,0.108,0.116,0.116,0.115,0.133,0.11,0.108,0.11,0.116,0.126,0.132,0.118,0.118,0.115,0.109,0.111,0.114,0.119,0.117,0.248,0.263,0.272,0.275,0.313,0.293,0.331,0.213,0.262,0.336,0.141,0.388,0.32,0.383,0.702,0.343,0.427,0.42,0.396,0.469,0.475
58.25,0.109,0.109,0.116,0.117,0.122,0.119,0.12,0.11,0.105,0.105,0.119,0.13,0.166,0.156,0.105,0.107,0.108,0.116,0.116,0.115,0.133,0.11,0.108,0.11,0.116,0.126,0.132,0.118,0.118,0.115,0.109,0.111,0.114,0.119,0.117,0.248,0.263,0.271,0.273,0.313,0.293,0.331,0.221,0.27,0.335,0.141,0.389,0.323,0.383,0.702,0.342,0.425,0.42,0.394,0.47,0.475
58.5,0.109,0.109,0.116,0.117,0.122,0.119,0.12,0.11,0.105,0.105,0.119,0.13,0.166,0.156,0.105,0.107,0.108,0.116,0.116,0.115,0.133,0.11,0.108,0.11,0.116,0.126,0.132,0.118,0.118,0.115,0.109,0.111,0.115,0.119,0.117,0.248,0.262,0.27,0.272,0.313,0.291,0.331,0.219,0.279,0.334,0.141,0.389,0.326,0.383,0.702,0.341,0.424,0.42,0.394,0.469,0.474
58.75,0.109,0.109,0.116,0.117,0.122,0.119,0.12,0.11,0.105,0.105,0.119,0.129,0.166,0.156,0.105,0.107,0.108,0.116,0.115,0.115,0.133,0.111,0.108,0.11,0.117,0.126,0.132,0.118,0.118,0.115,0.109,0.112,0.114,0.119,0.117,0.248,0.262,0.27,0.272,0.313,0.292,0.331,0.234,0.282,0.331,0.142,0.388,0.33,0.383,0.701,0.341,0.426,0.42,0.394,0.469,0.473
59,0.109,0.109,0.116,0.117,0.122,0.119,0.12,0.11,0.105,0.105,0.119,0.129,0.166,0.156,0.105,0.108,0.108,0.116,0.116,0.115,0.133,0.111,0.108,0.11,0.119,0.126,0.132,0.118,0.118,0.115,0.109,0.113,0.114,0.119,0.117,0.249,0.262,0.27,0.272,0.313,0.293,0.331,0.233,0.278,0.327,0.147,0.388,0.335,0.382,0.701,0.341,0.427,0.421,0.393,0.468,0.473
59.25,0.109,0.109,0.116,0.117,0.122,0.119,0.12,0.11,0.105,0.105,0.119,0.129,0.166,0.156,0.105,0.107,0.108,0.116,0.116,0.115,0.133,0.11,0.107,0.109,0.119,0.125,0.132,0.118,0.118,0.115,0.108,0.114,0.114,0.119,0.117,0.248,0.262,0.27,0.271,0.313,0.29,0.332,0.24,0.288,0.326,0.146,0.388,0.336,0.382,0.7,0.342,0.427,0.421,0.392,0.469,0.472
59.5,0.109,0.109,0.116,0.117,0.122,0.119,0.12,0.11,0.105,0.105,0.119,0.129,0.166,0.156,0.105,0.107,0.108,0.116,0.116,0.115,0.133,0.11,0.107,0.11,0.119,0.125,0.132,0.117,0.118,0.115,0.109,0.115,0.114,0.119,0.117,0.248,0.262,0.27,0.268,0.313,0.291,0.332,0.24,0.293,0.325,0.146,0.388,0.34,0.382,0.701,0.342,0.425,0.421,0.391,0.472,0.471
59.75,0.109,0.109,0.116,0.117,0.122,0.119,0.12,0.11,0.105,0.105,0.119,0.129,0.166,0.156,0.105,0.107,0.108,0.116,0.115,0.115,0.133,0.11,0.107,0.11,0.119,0.126,0.132,0.118,0.118,0.115,0.109,0.115,0.114,0.119,0.117,0.247,0.262,0.271,0.268,0.313,0.291,0.332,0.241,0.294,0.324,0.146,0.388,0.347,0.382,0.701,0.343,0.426,0.421,0.39,0.472,0.471
60,0.109,0.109,0.116,0.117,0.122,0.119,0.12,0.11,0.105,0.105,0.119,0.129,0.166,0.156,0.105,0.107,0.108,0.116,0.116,0.115,0.133,0.11,0.107,0.109,0.118,0.126,0.132,0.117,0.118,0.115,0.109,0.114,0.114,0.119,0.117,0.247,0.262,0.271,0.27,0.313,0.291,0.332,0.242,0.297,0.323,0.144,0.389,0.349,0.382,0.701,0.342,0.424,0.422,0.389,0.472,0.47
60.25,0.109,0.109,0.116,0.117,0.122,0.119,0.12,0.11,0.105,0.105,0.119,0.129,0.166,0.156,0.105,0.107,0.108,0.116,0.116,0.115,0.133,0.11,0.107,0.109,0.118,0.126,0.132,0.117,0.118,0.115,0.108,0.113,0.114,0.119,0.117,0.247,0.262,0.271,0.274,0.313,0.292,0.333,0.253,0.302,0.324,0.144,0.388,0.359,0.382,0.7,0.343,0.424,0.422,0.389,0.474,0.469
60.5,0.109,0.109,0.116,0.117,0.122,0.119,0.12,0.11,0.105,0.105,0.119,0.129,0.166,0.156,0.105,0.107,0.108,0.116,0.115,0.115,0.133,0.11,0.107,0.109,0.117,0.126,0.132,0.117,0.118,0.115,0.108,0.113,0.114,0.119,0.117,0.247,0.262,0.27,0.273,0.313,0.291,0.333,0.262,0.302,0.327,0.143,0.388,0.365,0.382,0.7,0.343,0.424,0.422,0.387,0.472,0.468
60.75,0.109,0.109,0.116,0.117,0.122,0.119,0.12,0.11,0.105,0.105,0.119,0.129,0.166,0.156,0.104,0.107,0.108,0.116,0.116,0.115,0.133,0.11,0.107,0.11,0.117,0.126,0.132,0.117,0.118,0.115,0.108,0.112,0.114,0.118,0.117,0.247,0.262,0.27,0.272,0.313,0.291,0.333,0.27,0.304,0.329,0.142,0.388,0.368,0.382,0.699,0.343,0.424,0.421,0.387,0.47,0.468
61,0.109,0.109,0.116,0.117,0.121,0.119,0.12,0.11,0.105,0.105,0.118,0.129,0.165,0.156,0.105,0.107,0.108,0.116,0.116,0.115,0.133,0.11,0.108,0.11,0.117,0.125,0.132,0.117,0.118,0.115,0.108,0.112,0.114,0.119,0.117,0.247,0.262,0.27,0.272,0.313,0.292,0.333,0.273,0.304,0.332,0.143,0.388,0.368,0.382,0.699,0.343,0.425,0.422,0.386,0.469,0.467
61.25,0.109,0.109,0.116,0.117,0.121,0.119,0.12,0.11,0.105,0.105,0.119,0.129,0.166,0.156,0.104,0.107,0.108,0.116,0.116,0.115,0.133,0.11,0.107,0.11,0.117,0.125,0.132,0.118,0.118,0.115,0.108,0.112,0.114,0.118,0.117,0.247,0.262,0.27,0.271,0.313,0.29,0.333,0.273,0.303,0.334,0.143,0.388,0.367,0.382,0.698,0.343,0.425,0.422,0.386,0.468,0.466
61.5,0.109,0.109,0.116,0.117,0.121,0.119,0.12,0.11,0.105,0.105,0.119,0.129,0.166,0.156,0.104,0.107,0.108,0.116,0.115,0.115,0.133,0.11,0.107,0.11,0.117,0.126,0.132,0.117,0.118,0.115,0.109,0.112,0.114,0.118,0.117,0.247,0.263,0.27,0.271,0.313,0.288,0.333,0.276,0.3,0.339,0.143,0.387,0.365,0.382,0.698,0.345,0.424,0.421,0.386,0.467,0.465
61.75,0.109,0.109,0.116,0.117,0.121,0.119,0.12,0.11,0.105,0.105,0.118,0.129,0.166,0.156,0.105,0.107,0.108,0.116,0.116,0.115,0.133,0.11,0.107,0.11,0.116,0.126,0.132,0.117,0.118,0.115,0.109,0.111,0.114,0.118,0.117,0.247,0.263,0.27,0.27,0.313,0.289,0.334,0.281,0.297,0.344,0.143,0.387,0.366,0.382,0.698,0.344,0.424,0.422,0.385,0.464,0.464
62,0.109,0.109,0.116,0.117,0.121,0.119,0.12,0.11,0.105,0.105,0.118,0.129,0.166,0.156,0.105,0.107,0.108,0.116,0.116,0.115,0.133,0.11,0.107,0.11,0.116,0.126,0.132,0.117,0.118,0.115,0.108,0.111,0.113,0.118,0.117,0.247,0.262,0.27,0.269,0.313,0.291,0.334,0.277,0.296,0.351,0.143,0.387,0.364,0.382,0.698,0.344,0.425,0.421,0.385,0.461,0.463
62.25,0.109,0.109,0.116,0.116,0.121,0.119,0.12,0.11,0.105,0.105,0.118,0.129,0.165,0.156,0.105,0.108,0.108,0.116,0.116,0.115,0.133,0.11,0.108,0.11,0.116,0.126,0.132,0.118,0.118,0.115,0.109,0.111,0.113,0.118,0.117,0.248,0.263,0.27,0.268,0.313,0.29,0.334,0.279,0.295,0.356,0.143,0.387,0.362,0.382,0.699,0.345,0.425,0.421,0.384,0.46,0.462
62.5,0.109,0.109,0.116,0.117,0.121,0.119,0.12,0.11,0.105,0.105,0.119,0.129,0.168,0.156,0.105,0.108,0.108,0.116,0.115,0.116,0.132,0.11,0.107,0.11,0.116,0.126,0.134,0.117,0.118,0.115,0.109,0.112,0.114,0.12,0.117,0.248,0.263,0.27,0.265,0.313,0.291,0.334,0.276,0.295,0.36,0.143,0.387,0.364,0.382,0.7,0.346,0.424,0.421,0.382,0.461,0.462
62.75,0.109,0.109,0.116,0.116,0.121,0.119,0.12,0.11,0.105,0.105,0.118,0.128,0.168,0.156,0.105,0.107,0.108,0.116,0.115,0.117,0.133,0.11,0.107,0.11,0.116,0.126,0.134,0.117,0.119,0.115,0.109,0.111,0.113,0.121,0.117,0.248,0.262,0.269,0.261,0.313,0.294,0.334,0.276,0.295,0.367,0.144,0.386,0.36,0.381,0.7,0.345,0.424,0.421,0.382,0.459,0.461
63,0.109,0.109,0.116,0.117,0.121,0.12,0.12,0.11,0.105,0.105,0.118,0.129,0.168,0.156,0.105,0.108,0.108,0.116,0.115,0.117,0.133,0.11,0.107,0.11,0.116,0.125,0.134,0.117,0.118,0.115,0.109,0.111,0.114,0.121,0.117,0.247,0.262,0.269,0.261,0.313,0.292,0.335,0.275,0.295,0.372,0.143,0.386,0.362,0.382,0.699,0.344,0.425,0.421,0.38,0.458,0.461
63.25,0.109,0.109,0.116,0.116,0.121,0.12,0.12,0.11,0.105,0.105,0.118,0.128,0.168,0.156,0.105,0.107,0.108,0.116,0.115,0.117,0.133,0.11,0.108,0.11,0.116,0.126,0.134,0.117,0.118,0.115,0.109,0.112,0.113,0.12,0.117,0.247,0.262,0.269,0.263,0.313,0.291,0.335,0.276,0.295,0.377,0.144,0.386,0.357,0.382,0.7,0.342,0.425,0.421,0.38,0.456,0.46
63.5,0.109,0.109,0.116,0.117,0.121,0.119,0.12,0.11,0.105,0.105,0.118,0.129,0.167,0.156,0.105,0.108,0.108,0.116,0.115,0.116,0.133,0.11,0.108,0.11,0.116,0.126,0.133,0.117,0.118,0.115,0.109,0.112,0.114,0.12,0.117,0.247,0.262,0.271,0.264,0.313,0.292,0.335,0.276,0.295,0.384,0.144,0.386,0.36,0.382,0.698,0.342,0.423,0.421,0.379,0.455,0.459
63.75,0.109,0.109,0.116,0.117,0.121,0.119,0.12,0.11,0.105,0.105,0.118,0.129,0.167,0.156,0.104,0.107,0.108,0.116,0.115,0.116,0.133,0.11,0.107,0.109,0.116,0.126,0.133,0.117,0.119,0.115,0.109,0.112,0.114,0.119,0.117,0.246,0.262,0.272,0.265,0.313,0.289,0.335,0.275,0.295,0.388,0.144,0.386,0.363,0.382,0.697,0.342,0.423,0.421,0.378,0.453,0.459
64,0.109,0.109,0.116,0.116,0.121,0.119,0.12,0.11,0.105,0.105,0.118,0.128,0.166,0.156,0.104,0.107,0.108,0.116,0.115,0.115,0.133,0.11,0.107,0.11,0.116,0.126,0.132,0.117,0.119,0.115,0.109,0.111,0.113,0.119,0.117,0.246,0.261,0.271,0.269,0.313,0.288,0.335,0.277,0.299,0.392,0.144,0.385,0.36,0.382,0.697,0.342,0.422,0.422,0.379,0.449,0.459
64.25,0.109,0.109,0.116,0.116,0.121,0.119,0.12,0.11,0.105,0.105,0.118,0.128,0.166,0.155,0.104,0.107,0.108,0.116,0.115,0.115,0.133,0.11,0.107,0.109,0.116,0.126,0.132,0.117,0.119,0.115,0.109,0.111,0.113,0.119,0.117,0.246,0.261,0.27,0.273,0.313,0.29,0.335,0.278,0.3,0.393,0.145,0.385,0.36,0.382,0.697,0.344,0.422,0.422,0.378,0.448,0.458
64.5,0.109,0.109,0.116,0.116,0.121,0.119,0.12,0.11,0.105,0.105,0.118,0.128,0.166,0.155,0.105,0.107,0.108,0.116,0.115,0.115,0.132,0.11,0.107,0.11,0.116,0.126,0.132,0.117,0.119,0.115,0.109,0.111,0.113,0.119,0.117,0.246,0.261,0.27,0.275,0.313,0.291,0.335,0.284,0.302,0.395,0.144,0.385,0.359,0.382,0.698,0.346,0.422,0.422,0.377,0.449,0.458
64.75,0.109,0.109,0.116,0.117,0.121,0.119,0.12,0.11,0.105,0.105,0.118,0.128,0.166,0.155,0.104,0.107,0.108,0.116,0.115,0.115,0.132,0.11,0.107,0.109,0.116,0.126,0.132,0.117,0.119,0.115,0.109,0.111,0.114,0.118,0.117,0.246,0.262,0.27,0.275,0.313,0.29,0.335,0.287,0.305,0.395,0.145,0.385,0.361,0.382,0.698,0.347,0.421,0.422,0.375,0.447,0.457
65,0.109,0.109,0.116,0.117,0.121,0.119,0.12,0.11,0.105,0.105,0.118,0.128,0.166,0.155,0.104,0.107,0.108,0.116,0.115,0.115,0.133,0.11,0.107,0.109,0.116,0.126,0.132,0.117,0.119,0.115,0.109,0.111,0.114,0.118,0.117,0.246,0.262,0.27,0.274,0.313,0.29,0.336,0.291,0.309,0.395,0.145,0.384,0.359,0.382,0.698,0.346,0.421,0.422,0.375,0.444,0.457
65.25,0.109,0.109,0.116,0.116,0.121,0.119,0.12,0.11,0.105,0.105,0.118,0.128,0.165,0.155,0.104,0.107,0.108,0.116,0.114,0.115,0.133,0.11,0.107,0.11,0.116,0.126,0.132,0.117,0.119,0.115,0.109,0.112,0.114,0.118,0.117,0.246,0.262,0.271,0.275,0.313,0.292,0.336,0.296,0.313,0.395,0.145,0.384,0.358,0.381,0.696,0.346,0.42,0.421,0.375,0.443,0.457
65.5,0.109,0.109,0.116,0.117,0.121,0.119,0.12,0.11,0.105,0.105,0.118,0.128,0.165,0.155,0.104,0.108,0.108,0.116,0.115,0.115,0.133,0.11,0.107,0.109,0.116,0.126,0.132,0.117,0.119,0.115,0.109,0.111,0.114,0.118,0.117,0.246,0.262,0.271,0.274,0.313,0.292,0.336,0.302,0.315,0.394,0.145,0.384,0.362,0.382,0.695,0.346,0.42,0.421,0.373,0.445,0.457
65.75,0.109,0.109,0.116,0.117,0.12,0.119,0.12,0.11,0.105,0.105,0.118,0.128,0.165,0.155,0.104,0.107,0.108,0.116,0.114,0.115,0.133,0.11,0.107,0.109,0.116,0.126,0.132,0.117,0.119,0.115,0.108,0.111,0.114,0.118,0.117,0.246,0.261,0.27,0.271,0.313,0.289,0.336,0.306,0.319,0.394,0.146,0.384,0.364,0.382,0.695,0.345,0.421,0.42,0.373,0.443,0.457
66,0.109,0.109,0.116,0.117,0.12,0.119,0.12,0.11,0.105,0.105,0.118,0.128,0.165,0.155,0.105,0.107,0.108,0.116,0.114,0.115,0.133,0.11,0.107,0.109,0.116,0.125,0.132,0.117,0.119,0.115,0.109,0.111,0.114,0.118,0.117,0.246,0.261,0.269,0.268,0.313,0.288,0.336,0.311,0.322,0.394,0.146,0.384,0.363,0.381,0.696,0.345,0.419,0.42,0.372,0.442,0.457
66.25,0.109,0.109,0.116,0.117,0.12,0.119,0.12,0.11,0.105,0.105,0.118,0.128,0.165,0.155,0.104,0.107,0.108,0.116,0.114,0.115,0.133,0.11,0.107,0.109,0.116,0.126,0.131,0.117,0.119,0.115,0.108,0.111,0.114,0.118,0.117,0.246,0.262,0.269,0.266,0.314,0.289,0.336,0.317,0.329,0.393,0.146,0.384,0.363,0.381,0.696,0.345,0.418,0.42,0.372,0.441,0.457
66.5,0.109,0.109,0.116,0.116,0.12,0.119,0.12,0.11,0.105,0.105,0.118,0.128,0.165,0.155,0.104,0.108,0.108,0.116,0.115,0.115,0.133,0.11,0.107,0.109,0.116,0.125,0.131,0.117,0.119,0.115,0.109,0.111,0.114,0.118,0.117,0.246,0.261,0.27,0.263,0.314,0.29,0.336,0.322,0.331,0.394,0.146,0.384,0.363,0.381,0.697,0.345,0.419,0.419,0.372,0.442,0.457
66.75,0.109,0.109,0.116,0.112,0.115,0.119,0.12,0.11,0.105,0.105,0.116,0.125,0.165,0.155,0.104,0.107,0.108,0.116,0.111,0.115,0.132,0.11,0.107,0.11,0.113,0.122,0.131,0.117,0.119,0.115,0.109,0.112,0.113,0.118,0.117,0.246,0.261,0.27,0.26,0.315,0.289,0.336,0.327,0.334,0.394,0.148,0.381,0.364,0.381,0.698,0.344,0.419,0.414,0.368,0.445,0.457
67,0.109,0.109,0.116,0.116,0.12,0.119,0.12,0.109,0.105,0.105,0.118,0.128,0.165,0.155,0.104,0.107,0.108,0.116,0.115,0.115,0.133,0.111,0.107,0.11,0.116,0.125,0.131,0.117,0.119,0.115,0.108,0.111,0.114,0.118,0.117,0.246,0.261,0.271,0.261,0.313,0.288,0.337,0.329,0.334,0.395,0.147,0.384,0.364,0.381,0.698,0.344,0.42,0.416,0.371,0.444,0.457
67.25,0.109,0.109,0.116,0.112,0.115,0.119,0.12,0.11,0.105,0.105,0.116,0.125,0.165,0.155,0.104,0.107,0.108,0.116,0.111,0.115,0.132,0.111,0.107,0.109,0.112,0.122,0.131,0.117,0.119,0.115,0.109,0.112,0.113,0.118,0.117,0.246,0.261,0.271,0.261,0.315,0.289,0.337,0.331,0.336,0.395,0.148,0.381,0.363,0.381,0.697,0.345,0.42,0.411,0.367,0.444,0.458
67.5,0.109,0.109,0.116,0.116,0.12,0.119,0.12,0.11,0.105,0.105,0.118,0.128,0.165,0.155,0.104,0.107,0.108,0.116,0.114,0.115,0.132,0.11,0.107,0.109,0.116,0.125,0.131,0.117,0.118,0.115,0.109,0.111,0.114,0.118,0.117,0.246,0.261,0.27,0.264,0.313,0.292,0.337,0.333,0.336,0.396,0.148,0.384,0.364,0.381,0.696,0.347,0.419,0.412,0.37,0.442,0.458
67.75,0.109,0.109,0.116,0.111,0.115,0.119,0.12,0.11,0.105,0.105,0.115,0.124,0.165,0.155,0.104,0.107,0.108,0.116,0.111,0.115,0.132,0.11,0.107,0.109,0.113,0.122,0.131,0.117,0.119,0.115,0.108,0.111,0.112,0.118,0.116,0.246,0.261,0.27,0.263,0.315,0.293,0.337,0.335,0.337,0.396,0.149,0.382,0.365,0.381,0.696,0.348,0.418,0.408,0.367,0.445,0.458
68,0.109,0.109,0.116,0.112,0.115,0.119,0.12,0.11,0.105,0.105,0.116,0.124,0.165,0.154,0.104,0.107,0.108,0.116,0.111,0.115,0.132,0.111,0.107,0.109,0.112,0.122,0.131,0.117,0.119,0.115,0.109,0.112,0.113,0.118,0.116,0.246,0.261,0.269,0.263,0.315,0.291,0.338,0.335,0.338,0.395,0.149,0.383,0.363,0.381,0.696,0.347,0.418,0.405,0.366,0.449,0.459
68.25,0.109,0.109,0.116,0.116,0.12,0.119,0.12,0.11,0.105,0.105,0.118,0.128,0.165,0.155,0.104,0.107,0.108,0.116,0.114,0.115,0.132,0.11,0.107,0.109,0.116,0.126,0.131,0.116,0.119,0.115,0.108,0.111,0.113,0.118,0.117,0.246,0.261,0.269,0.265,0.314,0.288,0.338,0.336,0.338,0.396,0.149,0.386,0.363,0.381,0.696,0.346,0.418,0.407,0.369,0.449,0.459
68.5,0.109,0.109,0.116,0.112,0.115,0.119,0.12,0.109,0.105,0.105,0.115,0.124,0.165,0.154,0.104,0.107,0.108,0.116,0.111,0.115,0.132,0.111,0.107,0.109,0.112,0.122,0.131,0.116,0.119,0.115,0.109,0.111,0.112,0.118,0.116,0.246,0.261,0.269,0.263,0.315,0.291,0.338,0.337,0.338,0.395,0.15,0.385,0.364,0.381,0.696,0.347,0.418,0.403,0.365,0.448,0.459
68.75,0.109,0.109,0.116,0.111,0.115,0.119,0.12,0.11,0.105,0.105,0.115,0.124,0.165,0.154,0.104,0.107,0.108,0.116,0.111,0.115,0.132,0.111,0.107,0.109,0.113,0.122,0.131,0.116,0.119,0.115,0.109,0.111,0.112,0.118,0.117,0.246,0.261,0.269,0.264,0.315,0.29,0.338,0.338,0.339,0.395,0.15,0.385,0.366,0.382,0.696,0.347,0.417,0.4,0.366,0.447,0.459
69,0.109,0.109,0.116,0.111,0.115,0.119,0.12,0.109,0.105,0.105,0.115,0.124,0.165,0.155,0.104,0.107,0.108,0.116,0.111,0.115,0.132,0.111,0.107,0.109,0.113,0.122,0.131,0.116,0.119,0.115,0.108,0.111,0.112,0.118,0.117,0.246,0.261,0.269,0.263,0.315,0.289,0.338,0.338,0.338,0.396,0.15,0.386,0.366,0.382,0.696,0.346,0.418,0.399,0.365,0.446,0.46
69.25,0.109,0.109,0.116,0.111,0.115,0.119,0.12,0.11,0.105,0.105,0.115,0.124,0.165,0.154,0.104,0.107,0.108,0.116,0.111,0.115,0.132,0.111,0.107,0.109,0.113,0.122,0.131,0.116,0.119,0.115,0.109,0.111,0.112,0.118,0.117,0.246,0.261,0.269,0.26,0.315,0.29,0.338,0.34,0.338,0.395,0.151,0.387,0.366,0.383,0.695,0.346,0.419,0.397,0.364,0.447,0.46
69.5,0.109,0.109,0.116,0.113,0.115,0.119,0.12,0.109,0.105,0.105,0.115,0.124,0.165,0.154,0.104,0.107,0.108,0.116,0.11,0.115,0.132,0.111,0.107,0.11,0.113,0.12,0.131,0.116,0.119,0.115,0.109,0.111,0.111,0.118,0.117,0.246,0.261,0.27,0.262,0.317,0.289,0.338,0.338,0.338,0.396,0.151,0.39,0.365,0.383,0.695,0.346,0.419,0.397,0.366,0.446,0.461
69.75,0.109,0.109,0.116,0.113,0.114,0.119,0.12,0.109,0.105,0.105,0.115,0.123,0.165,0.154,0.104,0.107,0.108,0.116,0.109,0.115,0.132,0.11,0.107,0.109,0.115,0.12,0.131,0.116,0.119,0.115,0.109,0.113,0.111,0.118,0.117,0.246,0.261,0.27,0.266,0.319,0.29,0.338,0.335,0.337,0.396,0.154,0.391,0.363,0.384,0.695,0.346,0.419,0.4,0.369,0.446,0.461
70,0.109,0.109,0.116,0.113,0.114,0.119,0.12,0.109,0.105,0.105,0.115,0.123,0.165,0.154,0.104,0.107,0.108,0.116,0.109,0.115,0.132,0.11,0.107,0.109,0.115,0.12,0.131,0.116,0.118,0.115,0.109,0.114,0.111,0.118,0.117,0.246,0.261,0.269,0.267,0.32,0.286,0.338,0.333,0.338,0.394,0.154,0.392,0.361,0.384,0.695,0.346,0.417,0.401,0.371,0.446,0.462
70.25,0.109,0.109,0.116,0.113,0.114,0.119,0.12,0.109,0.105,0.105,0.115,0.123,0.165,0.154,0.104,0.107,0.108,0.116,0.109,0.115,0.132,0.111,0.107,0.11,0.115,0.12,0.131,0.116,0.119,0.115,0.108,0.114,0.111,0.118,0.116,0.246,0.262,0.269,0.267,0.321,0.289,0.338,0.333,0.338,0.395,0.155,0.393,0.361,0.385,0.695,0.346,0.417,0.401,0.371,0.445,0.463
70.5,0.109,0.109,0.116,0.113,0.114,0.119,0.12,0.109,0.105,0.105,0.115,0.123,0.165,0.154,0.104,0.107,0.108,0.116,0.109,0.115,0.132,0.111,0.107,0.109,0.115,0.12,0.131,0.116,0.119,0.115,0.108,0.114,0.111,0.118,0.116,0.245,0.262,0.269,0.271,0.321,0.291,0.338,0.331,0.337,0.394,0.154,0.394,0.36,0.386,0.695,0.346,0.417,0.401,0.372,0.444,0.463
70.75,0.109,0.109,0.116,0.113,0.114,0.119,0.12,0.109,0.105,0.105,0.115,0.123,0.165,0.154,0.104,0.107,0.108,0.116,0.109,0.115,0.132,0.11,0.107,0.109,0.114,0.12,0.131,0.116,0.119,0.115,0.109,0.113,0.111,0.118,0.116,0.245,0.261,0.269,0.273,0.321,0.289,0.339,0.332,0.337,0.394,0.154,0.395,0.359,0.387,0.694,0.347,0.418,0.4,0.372,0.442,0.464
71,0.109,0.109,0.116,0.113,0.114,0.119,0.12,0.109,0.105,0.105,0.115,0.123,0.165,0.154,0.104,0.107,0.108,0.116,0.109,0.115,0.132,0.11,0.107,0.109,0.114,0.12,0.131,0.116,0.119,0.115,0.108,0.112,0.111,0.118,0.116,0.245,0.261,0.269,0.274,0.321,0.291,0.338,0.334,0.337,0.394,0.154,0.396,0.359,0.388,0.694,0.348,0.418,0.398,0.372,0.441,0.464
71.25,0.109,0.109,0.116,0.113,0.114,0.119,0.12,0.109,0.105,0.105,0.115,0.123,0.165,0.154,0.105,0.107,0.108,0.116,0.109,0.115,0.132,0.111,0.107,0.11,0.113,0.12,0.131,0.116,0.119,0.115,0.109,0.112,0.111,0.118,0.116,0.247,0.262,0.271,0.273,0.322,0.29,0.339,0.336,0.339,0.396,0.154,0.395,0.361,0.388,0.694,0.351,0.42,0.398,0.372,0.442,0.465
71.5,0.109,0.109,0.116,0.113,0.114,0.119,0.12,0.11,0.105,0.105,0.115,0.123,0.165,0.154,0.105,0.107,0.108,0.116,0.109,0.115,0.132,0.11,0.107,0.11,0.113,0.12,0.131,0.117,0.119,0.115,0.109,0.112,0.111,0.118,0.117,0.246,0.262,0.271,0.273,0.322,0.289,0.34,0.336,0.337,0.395,0.153,0.395,0.361,0.388,0.693,0.35,0.419,0.4,0.372,0.444,0.467
71.75,0.109,0.109,0.116,0.113,0.114,0.119,0.12,0.11,0.105,0.105,0.115,0.123,0.167,0.154,0.105,0.107,0.108,0.116,0.109,0.117,0.132,0.111,0.107,0.11,0.113,0.121,0.132,0.116,0.119,0.115,0.109,0.111,0.111,0.12,0.116,0.247,0.262,0.27,0.274,0.323,0.292,0.341,0.336,0.338,0.395,0.154,0.397,0.362,0.389,0.695,0.349,0.419,0.401,0.373,0.447,0.469